subj_id,faceage
100_1_0_20170112213303693,94.32125
100_1_0_20170117195420803,95.265175
100_1_0_20170119212053665,98.09706
20_0_0_20170104230051977,24.914663
20_0_0_20170110232156775,29.671522
20_0_0_20170117134213422,28.675276
20_0_0_20170117140056058,27.37221
20_0_0_20170117141002911,30.691065
20_0_2_20170103234745028,30.993475
20_0_2_20170117193519517,27.896912
20_0_4_20170102233239947,26.25793
20_0_4_20170117193437251,33.312393
20_0_4_20170117193454180,27.131575
20_0_4_20170117193505639,34.47317
20_1_0_20170103163056975,32.33931
20_1_0_20170103175447799,38.371624
20_1_0_20170103201716816,23.88723
20_1_0_20170103201733831,26.71204
20_1_0_20170104020801388,26.61699
20_1_0_20170104021334149,26.252523
20_1_0_20170109212842300,24.452707
20_1_0_20170109213016635,21.895094
20_1_0_20170109213411083,29.421612
20_1_0_20170109213459975,28.140661
20_1_0_20170109214125992,37.76351
20_1_0_20170117193547491,35.107403
20_1_0_20170117193616027,25.00093
20_1_1_20170105002448621,24.432968
20_1_1_20170112191255227,24.54006
20_1_1_20170112191323933,33.625443
20_1_1_20170112231743279,25.614294
20_1_1_20170112231744071,27.679546
20_1_1_20170114030841465,33.1212
20_1_1_20170114031019426,36.751377
20_1_2_20170103234750663,27.983213
20_1_2_20170104015722028,26.671097
20_1_2_20170104020257804,21.964556
20_1_2_20170104020725236,29.56458
20_1_2_20170104020739364,26.086039
20_1_2_20170104020820934,24.61753
20_1_2_20170104021544485,26.346119
20_1_2_20170109213154546,25.921019
20_1_3_20170104231525073,23.497957
20_1_3_20170117141108233,26.47305
20_1_3_20170119153311735,26.202328
20_1_4_20170103201807368,39.52562
21_0_0_20170102233225196,28.750912
21_0_0_20170104020830476,34.998447
21_0_0_20170117142009042,25.161848
21_0_0_20170117142053066,20.892172
21_0_0_20170117142115098,24.15217
21_0_1_20170105002506437,33.075718
21_0_1_20170113145729669,24.055822
21_0_1_20170114032018810,23.543442
21_0_1_20170114032058290,24.055822
21_0_1_20170116204921756,29.361021
21_0_1_20170117142001073,34.19799
21_0_3_20170119150216454,22.682587
21_0_4_20161223214823880,30.449263
21_0_4_20170117141839865,27.885164
21_1_0_20170103201838744,41.96412
21_1_0_20170109213135260,24.390877
21_1_0_20170109214656355,26.226109
21_1_0_20170112233431458,25.97365
21_1_0_20170117142341545,30.066381
21_1_0_20170117142529474,34.319595
21_1_0_20170117142612442,29.250645
21_1_0_20170117142653808,24.432394
21_1_0_20170117193748045,27.111694
21_1_1_20170112231851007,30.280933
21_1_1_20170112231854926,24.396732
21_1_1_20170112231908781,26.139868
21_1_1_20170114031500330,23.349514
21_1_1_20170114032203540,54.2007
21_1_1_20170114032208983,26.694363
21_1_2_20170103201741359,20.670277
21_1_2_20170103201800511,30.69997
21_1_2_20170104020048292,25.414968
21_1_2_20170104020235605,30.853815
21_1_2_20170104021056028,24.785374
21_1_2_20170104021952837,27.141815
21_1_2_20170105002530429,29.083351
21_1_2_20170105183505385,30.671217
21_1_2_20170109213056053,28.754326
21_1_3_20170104222121713,27.131927
21_1_3_20170104231631625,28.016052
21_1_3_20170119155605098,29.984362
21_1_3_20170119155737580,29.006691
21_1_3_20170119155741576,24.629812
21_1_4_20170103201905647,55.76342
21_1_4_20170103223240255,31.478619
21_1_4_20170117193725542,31.821703
22_0_0_20170103180152583,19.563797
22_0_0_20170104225920241,27.191689
22_0_0_20170110232206562,22.85576
22_0_0_20170117135034534,39.48738
22_0_0_20170117140942783,28.735676
22_0_0_20170117143224571,28.553574
22_0_0_20170117143240036,21.953112
22_0_0_20170117193852875,27.762613
22_0_0_20170117193916436,24.589317
22_0_1_20170110223418177,26.966612
22_0_1_20170113133336209,26.76064
22_0_1_20170114032251671,32.752678
22_0_1_20170114033134437,30.538946
22_0_2_20170104020041910,23.621538
22_0_2_20170104021111388,21.846886
22_0_2_20170104021129925,25.674908
22_0_2_20170104021322853,25.114408
22_0_2_20170104021348142,28.539696
22_0_2_20170116172210197,29.886948
22_0_3_20170104230122361,32.690117
22_0_3_20170119160342147,53.706024
22_0_3_20170119162746691,34.60436
22_0_4_20170103201524479,36.677532
22_0_4_20170117193912061,29.697145
22_1_0_20170103163108007,34.44068
22_1_0_20170105002545990,24.843822
22_1_0_20170109213850161,28.712772
22_1_0_20170116220936851,21.401407
22_1_0_20170117143206386,28.04947
22_1_0_20170120133800998,28.041384
22_1_1_20170112202834858,27.306131
22_1_1_20170112203832467,22.779371
22_1_1_20170112203855123,25.024433
22_1_1_20170112233701320,22.910658
22_1_1_20170114025247512,21.856619
22_1_1_20170114031355312,26.457678
22_1_2_20170104020035915,30.502043
22_1_2_20170104020216916,22.61868
22_1_2_20170104021303821,24.69517
22_1_2_20170104021310052,27.866266
22_1_2_20170104021444541,25.826508
22_1_2_20170104021940541,37.91369
22_1_3_20161220222350986,23.658092
22_1_3_20170104231657849,24.509045
22_1_3_20170104231709097,24.82271
22_1_3_20170117143720305,25.526354
22_1_3_20170117143734089,23.807543
22_1_3_20170117143926531,33.566795
22_1_3_20170119163028157,23.271635
22_1_3_20170119163211532,23.48475
22_1_3_20170119163324557,37.62343
22_1_3_20170119163332758,30.511074
22_1_4_20170103223649399,35.98946
22_1_4_20170104005431327,35.921158
22_1_4_20170117143710577,27.773653
23_0_0_20170111181750321,20.005152
23_0_0_20170116220953152,23.597263
23_0_0_20170117134919191,40.71264
23_0_0_20170117144545593,27.532667
23_0_0_20170117144550331,24.76596
23_0_0_20170117144552915,32.073734
23_0_0_20170117144618155,22.560516
23_0_0_20170117144622811,30.072021
23_0_0_20170117194023317,31.306705
23_0_1_20170113133833362,33.854492
23_0_1_20170113150854335,25.128252
23_0_1_20170114032011297,28.077652
23_0_1_20170120133824503,29.365553
23_0_2_20170114024549242,24.580984
23_0_3_20170119163838933,30.71189
23_0_3_20170119163841604,21.784248
23_0_3_20170119163855005,33.535896
23_0_3_20170119163856511,31.823902
23_0_3_20170119164006043,36.188213
23_0_3_20170119164007795,33.564342
23_0_3_20170119164028527,32.23515
23_0_3_20170119164313321,27.817205
23_0_3_20170119164331517,27.879143
23_0_4_20170103180302079,31.111204
23_0_4_20170103234915411,29.40873
23_0_4_20170117194130117,31.33271
23_1_0_20170103180035647,31.655989
23_1_0_20170104020712460,32.49887
23_1_0_20170104021538021,24.673586
23_1_0_20170104234542547,28.264538
23_1_0_20170112234331591,43.40059
23_1_0_20170116221809969,39.022884
23_1_0_20170116221815459,26.57544
23_1_0_20170117144947570,23.90904
23_1_0_20170117145105755,21.332699
23_1_0_20170117145132068,28.00643
23_1_1_20170112204436531,27.491392
23_1_1_20170112234052856,27.382504
23_1_1_20170112234139392,24.795887
23_1_1_20170114024652649,27.21146
23_1_1_20170114033443186,24.939796
23_1_1_20170117194137453,32.679165
23_1_2_20170104015902116,20.492798
23_1_2_20170104020053452,23.897902
23_1_2_20170104020318141,27.645433
23_1_2_20170104021026844,20.047909
23_1_3_20170119164419982,31.7758
23_1_3_20170119164542581,30.657251
23_1_3_20170119164552438,25.88426
23_1_3_20170119164553534,26.889053
23_1_4_20170103212744381,24.088148
23_1_4_20170103223615095,24.918133
23_1_4_20170117194240867,32.79701
23_1_4_20170117194314062,34.46039
23_1_4_20170117194319028,43.104176
24_0_0_20170102233329675,26.965439
24_0_0_20170117140958984,24.175339
24_0_0_20170117145758955,31.102203
24_0_0_20170117145927468,33.71465
24_0_0_20170117150004378,27.179518
24_0_0_20170117150146771,27.752777
24_0_0_20170117194524762,28.785847
24_0_1_20170112204730931,34.01026
24_0_1_20170117145640546,30.48368
24_0_2_20170104020029454,25.774141
24_0_2_20170104020102786,23.727156
24_0_2_20170104020112732,24.66945
24_0_2_20170119165656526,33.076897
24_0_3_20170104230213449,27.167355
24_0_3_20170117145945091,30.894176
24_0_3_20170117150025331,26.477715
24_0_3_20170117150043934,36.116734
24_0_3_20170119165947103,23.573341
24_0_4_20170102233500506,27.744192
24_0_4_20170117145314932,29.976854
24_0_4_20170117145917765,32.599
24_1_0_20170103163127424,27.247332
24_1_0_20170104015931173,26.446573
24_1_0_20170104021019292,26.3709
24_1_0_20170104021527253,26.78062
24_1_0_20170104234820025,28.491077
24_1_0_20170109214739809,30.466785
24_1_0_20170116222626783,41.065624
24_1_0_20170116222827257,44.231415
24_1_0_20170116222857892,39.872734
24_1_0_20170117150815148,33.73232
24_1_0_20170117150911661,26.061323
24_1_1_20170112204648604,42.224037
24_1_1_20170112204809364,32.944103
24_1_1_20170112231342878,29.274487
24_1_1_20170112233340647,31.54318
24_1_1_20170112234345639,31.693584
24_1_1_20170112234505777,31.295357
24_1_1_20170112234558855,21.287598
24_1_1_20170112234612457,38.00313
24_1_1_20170113003543637,34.31717
24_1_1_20170115235954650,25.487778
24_1_2_20170103212931444,35.367172
24_1_2_20170104015713028,22.891048
24_1_2_20170104020224692,22.523556
24_1_2_20170104020244348,24.134336
24_1_2_20170104020528324,38.96318
24_1_2_20170104020818270,30.074608
24_1_2_20170104021011429,24.34375
24_1_2_20170104021300885,28.611221
24_1_2_20170104021837189,28.792727
24_1_2_20170109213251114,26.30988
24_1_2_20170116165445234,24.250156
24_1_2_20170116171610481,27.229084
24_1_3_20161220221541210,20.608566
24_1_3_20170104214534021,30.083048
24_1_3_20170104222414918,28.056269
24_1_3_20170109132534202,32.10944
24_1_3_20170117150509746,33.17299
24_1_3_20170117150552500,42.0956
24_1_3_20170119171104024,28.615488
24_1_4_20170103223940759,48.96575
24_1_4_20170104005530664,26.896101
24_1_4_20170104005830151,29.397514
24_1_4_20170117150521764,26.511532
24_1_4_20170117150615516,31.843374
24_1_4_20170117150737098,27.948713
24_1_4_20170117194745325,33.40329
24_1_4_20170117194809365,29.293015
25_0_0_20170114025954319,19.665524
25_0_0_20170116223809912,36.32205
25_0_0_20170117140811354,22.912376
25_0_0_20170117140947335,32.601387
25_0_0_20170117141324807,53.96142
25_0_0_20170117141931817,31.674503
25_0_0_20170117142023338,23.845778
25_0_0_20170117143313929,21.594654
25_0_0_20170117143411179,27.369482
25_0_0_20170117143546538,29.357342
25_0_0_20170117144604250,27.420984
25_0_0_20170117175209600,41.412052
25_0_0_20170117193028403,26.139229
25_0_0_20170119171135792,21.304354
25_0_1_20170103180757928,38.242817
25_0_1_20170113132617968,23.754498
25_0_1_20170113134128353,30.374073
25_0_1_20170113184508496,56.590187
25_0_1_20170114032055563,29.03312
25_0_1_20170117195045410,34.16125
25_0_2_20170104021135333,31.326483
25_0_2_20170104021424381,26.021776
25_0_3_20170104230516489,27.181831
25_0_3_20170117151555901,29.518476
25_0_3_20170119153018897,26.38253
25_0_4_20170117193004258,26.265226
25_1_0_20170103163718321,50.58551
25_1_0_20170103180907920,48.797215
25_1_0_20170104021242700,38.68989
25_1_0_20170104022944286,47.146923
25_1_0_20170104023032454,33.251698
25_1_0_20170105183547063,41.319344
25_1_0_20170109213232182,23.99465
25_1_0_20170112235132967,27.720787
25_1_0_20170116223827511,25.655869
25_1_0_20170117134837758,21.547747
25_1_0_20170117134947430,22.646822
25_1_0_20170117141421609,47.79158
25_1_0_20170117141726361,29.884577
25_1_0_20170117141803697,23.763693
25_1_0_20170117142901203,37.06855
25_1_0_20170117143909681,22.308512
25_1_0_20170117143942122,23.589262
25_1_0_20170117143946804,38.791138
25_1_0_20170117143952249,24.99778
25_1_0_20170117145120563,30.117342
25_1_1_20170103182259857,48.586525
25_1_1_20170112205151018,29.312714
25_1_1_20170112233635032,26.242231
25_1_1_20170112235100153,29.33616
25_1_1_20170116003320107,40.676502
25_1_1_20170117125908204,21.950891
25_1_1_20170117135941266,31.149178
25_1_1_20170117195334509,36.166203
25_1_2_20170103183748779,72.12491
25_1_2_20170104020339110,32.569447
25_1_2_20170104020655188,25.107824
25_1_2_20170104020903060,36.281536
25_1_2_20170104021412148,31.551888
25_1_2_20170104021933189,30.273224
25_1_2_20170104021935245,28.518398
25_1_2_20170104021958662,33.526382
25_1_2_20170104200556817,31.899687
25_1_2_20170117022422149,32.541397
25_1_3_20170104222305855,28.060984
25_1_3_20170104222315121,24.44487
25_1_3_20170104222509455,26.55907
25_1_3_20170117141103735,24.251904
25_1_3_20170117152000516,29.906704
25_1_3_20170119172106986,23.880516
25_1_3_20170119172135455,27.31063
25_1_3_20170119172151113,32.57444
25_1_4_20170117193445813,33.134842
26_0_0_20170102233359482,33.16832
26_0_0_20170104194358449,41.976616
26_0_0_20170104200830216,32.611572
26_0_0_20170104201228553,27.881363
26_0_0_20170117144510833,22.815937
26_0_0_20170117171708077,33.744114
26_0_0_20170117171750643,33.280087
26_0_0_20170117171932498,30.243414
26_0_0_20170117172021611,27.616856
26_0_0_20170117172035787,30.266123
26_0_0_20170117172222445,35.278717
26_0_0_20170117172620391,38.49717
26_0_0_20170117172624038,32.1562
26_0_0_20170117195820069,29.521576
26_0_0_20170117200723805,34.19018
26_0_1_20170103180959080,36.039368
26_0_1_20170113133259775,27.17856
26_0_1_20170113135238738,39.20789
26_0_1_20170113145620590,26.647177
26_0_1_20170113155022867,28.549465
26_0_1_20170116200714834,45.974422
26_0_1_20170116204830651,26.68276
26_0_1_20170116204840434,33.78265
26_0_1_20170117171618235,69.1163
26_0_2_20170104015801932,24.389824
26_0_3_20170119153339006,23.201668
26_0_3_20170119155839538,32.549843
26_0_3_20170119164220254,50.146393
26_0_3_20170119180330108,38.229954
26_0_3_20170119180345268,53.200314
26_0_3_20170119180446828,31.87032
26_0_3_20170119183150981,42.156467
26_0_3_20170119192352369,31.986778
26_0_3_20170119192438322,29.78806
26_0_4_20170104165424576,30.278976
26_0_4_20170117152317187,35.95898
26_1_0_20170103181940954,48.38359
26_1_0_20170103234817732,37.976948
26_1_0_20170104021254429,23.032606
26_1_0_20170104021504132,41.23728
26_1_0_20170105003228731,40.368843
26_1_0_20170112231759374,29.599272
26_1_0_20170116220842573,24.853855
26_1_0_20170117164030406,46.745174
26_1_0_20170117174144110,38.662342
26_1_0_20170117175313606,26.132778
26_1_0_20170117175315496,50.33355
26_1_0_20170117175317465,40.206985
26_1_0_20170117175344913,24.93964
26_1_0_20170117201449668,28.809835
26_1_0_20170117201629485,29.987623
26_1_0_20170117201638206,22.602716
26_1_0_20170117201904253,32.12346
26_1_1_20170103181439968,34.88779
26_1_1_20170103181931657,40.183426
26_1_1_20170104235433201,26.752687
26_1_1_20170112212030764,25.490526
26_1_1_20170112231645231,29.140726
26_1_1_20170112233658982,34.688347
26_1_1_20170112235057871,32.182144
26_1_1_20170112235250049,40.534058
26_1_1_20170113012346273,33.880764
26_1_1_20170116154712959,35.453022
26_1_1_20170116162413262,33.987255
26_1_1_20170116223432216,27.013832
26_1_1_20170116224118858,23.293781
26_1_1_20170116232657066,30.685211
26_1_1_20170117022253411,35.757946
26_1_1_20170117201805678,43.935787
26_1_2_20170104020149844,22.33011
26_1_2_20170104020703028,34.582535
26_1_2_20170104020934116,32.827927
26_1_2_20170104021513981,31.678234
26_1_2_20170105164540403,37.81466
26_1_2_20170116184232333,25.436043
26_1_2_20170117141036153,37.145107
26_1_2_20170117175135184,25.377226
26_1_2_20170117201843503,52.32796
26_1_3_20170104234454339,21.643902
26_1_3_20170112212035747,28.448254
26_1_3_20170117140013800,32.00409
26_1_3_20170117173653317,29.978275
26_1_3_20170117173750790,26.517883
26_1_3_20170117174352558,41.59401
26_1_3_20170117174443279,31.263678
26_1_3_20170119153452146,32.809536
26_1_3_20170119155639573,23.435854
26_1_3_20170119192844345,27.461937
26_1_3_20170119193139994,24.62806
26_1_3_20170119193149977,31.96283
26_1_4_20170117201446708,35.89026
26_1_4_20170117201612869,30.095463
26_1_4_20170117201852933,36.84495
27_0_0_20170102233409115,33.201794
27_0_0_20170102233549947,40.681038
27_0_0_20170103182122389,40.666897
27_0_0_20170104193647416,34.997467
27_0_0_20170104194530608,35.58542
27_0_0_20170116204811619,35.35198
27_0_0_20170117013702526,32.94205
27_0_0_20170117175349504,35.723827
27_0_0_20170117175613066,37.42267
27_0_0_20170117175615777,38.94799
27_0_1_20170117013654319,30.726236
27_0_1_20170117164520983,44.325325
27_0_1_20170117172452375,52.6477
27_0_3_20170104230231577,34.063313
27_0_3_20170117175425208,37.157715
27_0_3_20170119164157678,28.787647
27_0_4_20170103235409988,32.82126
27_0_4_20170103235752276,30.368544
27_0_4_20170104194349352,26.755972
27_0_4_20170117202219111,30.832464
27_1_0_20170103182159657,38.43652
27_1_0_20170104021653885,30.739395
27_1_0_20170117120646100,40.913296
27_1_0_20170117144358667,30.912264
27_1_0_20170117150919860,35.592117
27_1_0_20170117150925811,32.180275
27_1_0_20170119163226214,24.843822
27_1_1_20170109212658510,34.726826
27_1_1_20170112213555559,28.440908
27_1_1_20170112233524752,26.133041
27_1_1_20170112234058559,34.81867
27_1_1_20170112234238832,33.731426
27_1_1_20170112234451680,31.989605
27_1_1_20170113000855147,36.49762
27_1_1_20170113001021322,40.69716
27_1_1_20170113011238888,27.252851
27_1_1_20170116223029775,31.581293
27_1_1_20170117013811568,49.30335
27_1_1_20170117013828981,29.904678
27_1_1_20170117013958462,47.304565
27_1_1_20170117014022812,35.42252
27_1_2_20170104020523491,34.068417
27_1_2_20170104020617357,29.729914
27_1_2_20170104020913116,31.906105
27_1_2_20170104021101637,32.421173
27_1_2_20170104021418549,26.019485
27_1_2_20170104021735596,33.931896
27_1_2_20170116163734036,24.50836
27_1_2_20170116163742635,24.16077
27_1_2_20170116163755263,23.431328
27_1_2_20170116171014589,15.223947
27_1_2_20170116171651433,23.221468
27_1_2_20170116172637915,29.38711
27_1_3_20170109132029072,34.006744
27_1_4_20170116211825926,32.591503
28_0_0_20170105164834828,38.985703
28_0_0_20170113210126785,38.0512
28_0_0_20170117020856429,38.837803
28_0_0_20170117145726220,30.69823
28_0_0_20170117180137421,37.10801
28_0_0_20170117180236154,39.9632
28_0_0_20170117180427607,26.5176
28_0_0_20170117180430030,31.181015
28_0_0_20170117180444192,30.685764
28_0_0_20170117180506408,37.119892
28_0_0_20170117180514216,33.968826
28_0_0_20170117180516071,29.840315
28_0_0_20170117180519102,34.085167
28_0_0_20170117180535344,36.228294
28_0_0_20170117180538592,28.950098
28_0_0_20170117180555824,25.688774
28_0_0_20170117180607705,34.09746
28_0_0_20170117202401886,32.515667
28_0_0_20170117202408999,35.664886
28_0_0_20170117202432502,29.993809
28_0_0_20170117202434527,37.279438
28_0_0_20170117202521375,34.315487
28_0_0_20170117202525511,33.122284
28_0_0_20170119155105218,41.264202
28_0_0_20170120133921719,31.917212
28_0_1_20170112211810813,30.320635
28_0_1_20170112211816014,28.549465
28_0_1_20170112211822909,34.50129
28_0_1_20170113134041024,38.832336
28_0_1_20170113134134481,41.9976
28_0_1_20170113155301388,36.75662
28_0_1_20170114032935025,38.441788
28_0_1_20170117020634195,35.95713
28_0_1_20170117021357609,33.701775
28_0_1_20170117202249743,37.061096
28_0_1_20170117202351839,31.042175
28_0_2_20170104021218340,29.460226
28_0_2_20170116172213528,23.535809
28_0_2_20170117020805001,43.378395
28_0_3_20170104194548120,28.688478
28_0_3_20170104230628769,26.552462
28_0_3_20170116024927038,30.649067
28_0_3_20170119163006483,29.43438
28_0_3_20170119194505019,33.783432
28_0_3_20170119194510875,32.877354
28_0_3_20170119194719106,31.996685
28_0_3_20170119194725939,34.879856
28_0_3_20170119194805417,34.938496
28_0_3_20170119194808322,33.319702
28_0_3_20170119194818178,38.356422
28_0_3_20170119194926283,40.188946
28_0_3_20170120220130530,35.398113
28_0_4_20170104201846426,26.09432
28_0_4_20170109002937845,32.534927
28_0_4_20170116220531686,27.179647
28_0_4_20170117202304407,31.939749
28_0_4_20170117202327093,34.723736
28_0_4_20170117202427928,36.802013
28_0_4_20170117202457142,37.010418
28_1_0_20170104172639340,30.164776
28_1_0_20170104233637946,35.856346
28_1_0_20170109003515954,40.988163
28_1_0_20170113001234883,30.777395
28_1_0_20170116221850018,38.741524
28_1_0_20170117174702574,34.529533
28_1_0_20170117175333441,38.387962
28_1_0_20170117180322086,36.772984
28_1_0_20170117180708809,43.86073
28_1_0_20170117180714552,38.7781
28_1_0_20170117180723706,45.486855
28_1_0_20170117202609983,40.06772
28_1_1_20170109132457432,30.321909
28_1_1_20170112213654111,33.308846
28_1_1_20170112234152465,31.86894
28_1_1_20170113005333198,26.821815
28_1_1_20170113012524543,29.144894
28_1_1_20170116225020910,27.03645
28_1_1_20170116231251529,45.953674
28_1_1_20170117022211139,33.143566
28_1_1_20170117121917805,53.40512
28_1_2_20170104020746876,26.105452
28_1_2_20170104020754708,25.194
28_1_2_20170104020939196,24.681143
28_1_2_20170104021520301,27.763739
28_1_2_20170104021815094,31.197163
28_1_2_20170116165649025,24.725832
28_1_2_20170116172552663,32.54265
28_1_2_20170116190127787,42.19306
28_1_2_20170117142716618,23.957989
28_1_3_20170104192939143,34.540703
28_1_3_20170117180646529,22.359451
28_1_3_20170119195054803,34.778614
28_1_3_20170119195100723,29.119345
28_1_3_20170119195104372,33.512432
28_1_3_20170119195104970,30.671413
28_1_4_20170109003009492,35.0871
28_1_4_20170117202541845,44.884464
28_1_4_20170117202544912,37.366756
28_1_4_20170117202546775,42.32484
28_1_4_20170117202550286,30.958588
28_1_4_20170117202606048,57.63112
29_0_0_20170103182336026,41.333652
29_0_0_20170104201127146,37.980347
29_0_0_20170104201322098,31.138132
29_0_0_20170104202110730,30.054087
29_0_0_20170116164921650,26.253063
29_0_0_20170116205219294,31.091837
29_0_0_20170117120414669,38.81063
29_0_0_20170117122015236,38.84339
29_0_0_20170117171827563,41.61402
29_0_0_20170117180725353,36.31286
29_0_0_20170117180729137,36.253796
29_0_0_20170117180839466,37.337738
29_0_0_20170117180842036,43.696857
29_0_0_20170117180857403,32.361835
29_0_0_20170117180900108,33.20992
29_0_0_20170117180942324,33.107353
29_0_0_20170117180949666,39.09789
29_0_0_20170117180951076,32.705215
29_0_0_20170117202657886,36.916183
29_0_1_20170104202114602,39.336327
29_0_1_20170113183208366,40.361324
29_0_1_20170114034635292,31.709711
29_0_1_20170116203358423,37.914623
29_0_1_20170117095826375,46.572887
29_0_1_20170117103819519,42.309116
29_0_1_20170117104547721,38.334183
29_0_1_20170117104606138,61.274788
29_0_1_20170117194427746,33.5244
29_0_1_20170117202653255,33.78004
29_0_1_20170117202706981,42.954025
29_0_2_20170116163545392,29.124352
29_0_2_20170116182206717,39.0386
29_0_2_20170117130038591,31.55628
29_0_3_20170117022426014,42.520187
29_0_3_20170119171739135,51.466034
29_0_3_20170119195249772,36.539658
29_0_4_20170103235201420,38.440514
29_0_4_20170114033029580,34.191216
29_0_4_20170117180903787,23.280598
29_0_4_20170117180914972,29.420568
29_0_4_20170117202634086,31.057682
29_0_4_20170117202712541,35.941105
29_1_0_20170103163136424,33.43124
29_1_0_20170103181430872,44.756718
29_1_0_20170103181745425,51.801895
29_1_0_20170104023330606,35.109562
29_1_0_20170109132341425,28.711906
29_1_0_20170116221753436,28.920006
29_1_0_20170117202746975,34.656055
29_1_1_20170105183913087,39.22809
29_1_1_20170112205213493,45.441216
29_1_1_20170112211222837,28.374933
29_1_1_20170112235112993,35.176754
29_1_1_20170112235118232,30.584028
29_1_1_20170112235125873,31.02014
29_1_1_20170117022224947,40.635033
29_1_2_20170104021748445,30.989698
29_1_2_20170116191210967,41.855236
29_1_2_20170116191212709,41.75871
29_1_2_20170116220903106,41.876144
29_1_3_20170104214540068,36.412025
29_1_4_20170117202750455,47.6803
29_1_4_20170117202752934,37.71531
30_0_0_20170104201459001,30.09953
30_0_0_20170104201841050,29.078138
30_0_0_20170104202149570,33.75315
30_0_0_20170116222120436,31.361448
30_0_0_20170117000350509,32.962357
30_0_0_20170117123740914,35.927845
30_0_0_20170117130636837,31.355455
30_0_0_20170117131018041,33.71241
30_0_0_20170117131024540,37.434444
30_0_0_20170117132538273,37.977283
30_0_0_20170117140805766,37.362125
30_0_0_20170117143256587,24.622496
30_0_0_20170117143359866,25.040058
30_0_0_20170117143424561,33.242043
30_0_0_20170117144004185,31.308205
30_0_0_20170117144411849,35.03299
30_0_0_20170117151314107,33.261
30_0_0_20170117151539963,32.39678
30_0_0_20170117152309069,37.30329
30_0_0_20170117171914259,31.494047
30_0_0_20170117181235740,41.364418
30_0_0_20170117181238996,29.266743
30_0_0_20170117190708466,29.083866
30_0_0_20170120134248646,33.919205
30_0_1_20170114033434587,45.15175
30_0_1_20170116010647849,32.56244
30_0_1_20170116213558934,24.466166
30_0_1_20170117181243676,41.920303
30_0_1_20170117202825454,39.540703
30_0_1_20170117202828582,43.145157
30_0_1_20170117202910591,38.832024
30_0_2_20170104021209963,39.72214
30_0_2_20170104022125085,29.891369
30_0_2_20170104022129599,37.846096
30_0_2_20170116164401454,27.083317
30_0_2_20170116172925949,28.262115
30_0_2_20170117134906136,28.14496
30_0_2_20170117141818577,38.263798
30_0_2_20170117142033818,35.330963
30_0_2_20170119183959989,50.704727
30_0_3_20170117130930922,45.973633
30_0_3_20170117144310409,27.973436
30_0_3_20170119155845146,32.518143
30_0_4_20170104000115245,40.812317
30_0_4_20170117200730006,24.629675
30_0_4_20170117202914440,40.45519
30_1_0_20170103180858952,48.302505
30_1_0_20170103182425185,45.266964
30_1_0_20170117131108776,37.173714
30_1_0_20170117131111201,46.011517
30_1_0_20170117135257534,42.472897
30_1_0_20170117141413713,32.310425
30_1_0_20170117143123552,29.424553
30_1_0_20170117143902329,35.656414
30_1_0_20170117143933875,27.310734
30_1_0_20170117144955746,35.532856
30_1_0_20170117145129099,38.100014
30_1_0_20170117150420803,29.929003
30_1_0_20170117150804179,41.150364
30_1_0_20170117150931275,28.841967
30_1_0_20170117151304315,30.146172
30_1_0_20170117181545532,31.486412
30_1_0_20170117181548404,46.52349
30_1_0_20170117193827524,37.821903
30_1_0_20170117203639423,26.056377
30_1_1_20170112212046598,31.388035
30_1_1_20170112213021902,43.298866
30_1_1_20170112234436144,33.070152
30_1_1_20170113003552730,26.423157
30_1_1_20170117170832874,38.470264
30_1_2_20170104020459348,35.677822
30_1_2_20170104021318733,24.708227
30_1_2_20170117141055697,30.490458
30_1_3_20170109141047511,34.501175
30_1_3_20170109141058153,37.135994
30_1_3_20170117181327196,34.03426
30_1_4_20170117143625216,32.101368
30_1_4_20170117203008151,26.621672
30_1_4_20170117203009657,36.783337
31_0_0_20170104201726242,35.019024
31_0_0_20170104201938890,36.18324
31_0_0_20170104202003656,25.935228
31_0_0_20170104204310315,40.649334
31_0_0_20170109003033356,43.242912
31_0_0_20170109004623215,41.73712
31_0_0_20170117135307744,38.21925
31_0_1_20170113151333608,27.8423
31_0_1_20170116004652226,44.934406
31_0_1_20170117021212992,38.0512
31_0_1_20170117134920188,44.395927
31_0_1_20170117135443579,60.347122
31_0_1_20170117135511623,45.088047
31_0_1_20170117135536116,25.134455
31_0_1_20170117181933252,34.484314
31_0_2_20170104021231011,30.985434
31_0_3_20170117181555388,37.868565
31_0_3_20170119195950692,37.788006
31_1_0_20170117131145761,51.392612
31_1_0_20170117164753761,27.415188
31_1_0_20170119200057620,41.250023
31_1_1_20170112204529987,30.737381
31_1_1_20170112231608655,26.521275
31_1_1_20170113000500356,36.817097
31_1_1_20170114031519531,30.79244
31_1_1_20170115234845837,22.852116
31_1_1_20170117135704010,27.095512
31_1_1_20170117162539709,40.27149
31_1_2_20170104020811717,41.945953
31_1_2_20170104020928085,25.963034
31_1_2_20170104022004181,46.691437
31_1_2_20170104023111549,37.08795
31_1_3_20170109140727630,35.34504
31_1_3_20170119155508987,27.952276
31_1_4_20161221193256437,48.341835
31_1_4_20170117203039631,40.63054
31_1_4_20170117203041312,37.155354
31_1_4_20170117203051199,34.970417
31_1_4_20170117203052559,28.374577
32_0_0_20170104201035977,29.48865
32_0_0_20170104202221514,37.351105
32_0_0_20170104202239802,40.67784
32_0_0_20170104204313908,40.437103
32_0_0_20170117021349237,41.95025
32_0_0_20170117120718633,36.835976
32_0_0_20170117120910383,32.701836
32_0_0_20170117134725446,55.369873
32_0_0_20170117140230056,41.23126
32_0_0_20170117173203012,27.452318
32_0_0_20170117182234772,38.48819
32_0_0_20170117182301037,37.605114
32_0_0_20170117182402092,42.309105
32_0_0_20170117182416733,36.671127
32_0_1_20170113133956457,26.32848
32_0_1_20170113151518431,33.468906
32_0_1_20170113183140758,33.43782
32_0_1_20170113195640844,31.522009
32_0_1_20170117134722884,34.52184
32_0_1_20170117135741139,32.019024
32_0_1_20170117140220148,48.662003
32_0_1_20170117140609238,44.578606
32_0_1_20170117172950046,42.118004
32_0_1_20170117182406861,28.875248
32_0_1_20170117182408963,39.333675
32_0_2_20170104022020333,42.388424
32_0_2_20170104202252010,43.604805
32_0_2_20170116165412041,33.07573
32_0_2_20170116221122729,46.232483
32_0_3_20170119200236372,35.81833
32_0_3_20170119200318588,36.31592
32_0_3_20170119200340188,37.695557
32_0_4_20170104000716333,34.37911
32_0_4_20170117140137322,24.955904
32_0_4_20170117203105065,39.36072
32_0_4_20170117203108807,39.01588
32_1_0_20170103163347255,44.701572
32_1_0_20170103182600698,41.210087
32_1_0_20170103182614674,46.278732
32_1_0_20170104235611258,49.272232
32_1_0_20170117134737646,54.57731
32_1_0_20170117134813347,35.381535
32_1_0_20170117134814159,47.62225
32_1_0_20170117134818053,43.76648
32_1_0_20170117134826702,57.33207
32_1_0_20170117174838232,40.058598
32_1_0_20170117182528940,37.71527
32_1_0_20170117203118672,38.01633
32_1_0_20170117203136983,41.906208
32_1_1_20170112234515247,38.424763
32_1_1_20170113001227602,39.933918
32_1_1_20170113005606791,32.890102
32_1_1_20170113012217433,48.634644
32_1_1_20170115235050649,26.89716
32_1_1_20170117134811472,47.51075
32_1_1_20170120220526706,36.364353
32_1_2_20170104202227882,59.159554
32_1_2_20170116190012513,41.626137
32_1_2_20170117134733341,43.756596
32_1_2_20170117134739830,36.421215
32_1_4_20170103230259201,37.994347
32_1_4_20170104000720352,42.1207
32_1_4_20170105164252747,46.884148
32_1_4_20170113000945786,36.072712
32_1_4_20170117203121712,35.97583
32_1_4_20170117203123744,47.62336
33_0_0_20170105165028532,34.99121
33_0_0_20170117134828796,38.89814
33_0_0_20170117145924419,26.194153
33_0_0_20170120220115217,34.041706
33_0_1_20170117190145954,28.62704
33_0_3_20170119164211892,39.851303
33_1_1_20170112235129592,44.652386
33_1_1_20170113005238142,38.722412
33_1_1_20170117014021084,40.453716
33_1_2_20170104022951446,34.249916
34_0_0_20170117134856428,37.123287
34_0_0_20170117134857915,42.20488
34_0_0_20170117134908039,43.23744
34_0_0_20170117134910165,40.171257
34_0_0_20170117134913196,45.53207
34_0_0_20170117182621262,40.554935
34_0_0_20170117182629797,31.643944
34_0_0_20170117182718307,36.338547
34_0_0_20170117182728950,36.716507
34_0_0_20170117182731575,36.429924
34_0_0_20170117182746110,40.06616
34_0_0_20170117182747501,36.09782
34_0_0_20170117182749686,43.399426
34_0_0_20170117203213479,43.00966
34_0_0_20170119200810940,41.103786
34_0_1_20170112214929038,27.640156
34_0_1_20170112215212041,39.71504
34_0_1_20170113141901691,38.621853
34_0_1_20170117014054215,54.608135
34_0_1_20170117014101849,41.529972
34_0_1_20170117020018932,37.030457
34_0_1_20170117020023943,58.088814
34_0_1_20170117020029793,33.225224
34_0_1_20170117140814015,45.0597
34_0_1_20170117141346326,46.312885
34_0_1_20170117141435706,50.475193
34_0_1_20170117141457492,55.78722
34_0_1_20170117165134738,50.503613
34_0_1_20170117182640204,44.824085
34_0_3_20170117134903926,33.81167
34_0_3_20170119200626788,41.22395
34_0_4_20170104000728781,44.13425
34_0_4_20170104201954962,30.042097
34_0_4_20170117203232496,45.390858
34_1_0_20170103182644010,39.290653
34_1_0_20170117134930254,47.38594
34_1_0_20170117180039028,44.641273
34_1_0_20170117182752390,49.317738
34_1_1_20170112234631399,34.588245
34_1_1_20170113011534310,34.67075
34_1_1_20170116222831261,38.09336
34_1_1_20170116231528550,38.61532
34_1_2_20170104201443273,46.06303
34_1_2_20170104204327523,58.625797
34_1_3_20170119165307574,36.307644
35_0_0_20170104202556995,38.761738
35_0_0_20170104210200460,55.96252
35_0_0_20170105164841588,44.85433
35_0_0_20170113210127529,43.809967
35_0_0_20170116204131804,36.235107
35_0_0_20170116223010997,36.19254
35_0_0_20170117120013930,36.05848
35_0_0_20170117120442763,38.24341
35_0_0_20170117134825736,28.692917
35_0_0_20170117134937660,42.469383
35_0_0_20170117150020867,41.898003
35_0_0_20170117150935786,36.4833
35_0_0_20170117152238029,36.601036
35_0_0_20170117170519707,36.84737
35_0_0_20170117170757093,47.80095
35_0_0_20170117172025987,34.171055
35_0_0_20170117175619787,44.238167
35_0_0_20170117175724098,36.363014
35_0_0_20170117180401255,39.999294
35_0_0_20170117180440824,37.04054
35_0_0_20170117180552033,36.615196
35_0_0_20170117180735041,42.63096
35_0_0_20170117182852603,43.429516
35_0_0_20170117182945085,36.760757
35_0_0_20170117182947982,41.568478
35_0_0_20170117185746842,27.104004
35_0_0_20170120220454138,28.733501
35_0_0_20170120220720314,49.652725
35_0_0_20170120220934299,40.029305
35_0_0_20170120221059452,39.265594
35_0_1_20170109002946255,48.465096
35_0_1_20170113134747002,34.1174
35_0_1_20170113145434605,35.059975
35_0_1_20170113155146201,35.309124
35_0_1_20170113155220675,47.069298
35_0_1_20170113155255651,33.94073
35_0_1_20170116222350690,37.83071
35_0_1_20170116235848610,51.82898
35_0_1_20170117010039479,37.93668
35_0_1_20170117104607288,44.213047
35_0_1_20170117123836138,46.6496
35_0_1_20170117130110004,42.961796
35_0_1_20170117135949737,36.37556
35_0_1_20170117143112391,47.45754
35_0_1_20170117143139491,73.19078
35_0_1_20170117143142516,38.78401
35_0_1_20170117143158631,43.809967
35_0_1_20170117143202320,55.268444
35_0_1_20170117151527396,28.1659
35_0_1_20170117164220595,52.001217
35_0_1_20170117172007523,37.4259
35_0_1_20170117180847427,48.61483
35_0_1_20170117181203308,49.869503
35_0_2_20170104191720503,32.918823
35_0_2_20170104191726270,33.035217
35_0_2_20170104201518561,38.27892
35_0_2_20170104201834738,34.29009
35_0_2_20170112215010390,39.083588
35_0_2_20170116190045902,49.27497
35_0_2_20170116191244597,61.021435
35_0_2_20170117122032979,41.421787
35_0_2_20170119193316562,37.19633
35_0_3_20170109140717487,44.082058
35_0_3_20170117145451366,32.920948
35_0_3_20170117182830027,49.54706
35_0_3_20170119151444959,34.864418
35_0_3_20170119171505271,41.28448
35_0_3_20170119194712751,33.44606
35_0_3_20170119201337652,45.83425
35_0_4_20170104000753052,42.882397
35_0_4_20170104201734834,32.25203
35_0_4_20170109001216009,46.4299
35_0_4_20170117132531670,37.920467
35_0_4_20170117203249167,38.075226
35_1_0_20170103182732026,62.494167
35_1_0_20170116203950507,46.455612
35_1_0_20170117134846646,34.281147
35_1_0_20170117145110401,30.425215
35_1_0_20170117150810173,41.045948
35_1_0_20170117152131106,29.636374
35_1_0_20170117174830232,23.875563
35_1_0_20170117180008549,51.268055
35_1_0_20170117182534670,60.84263
35_1_0_20170117192047033,37.89267
35_1_0_20170117203256352,50.95677
35_1_1_20170112235121616,40.6066
35_1_1_20170113003536772,32.364174
35_1_1_20170113005402981,22.0458
35_1_1_20170113010415255,30.72812
35_1_1_20170115235922203,29.650547
35_1_1_20170116222717126,46.523647
35_1_1_20170117022217421,28.83051
35_1_1_20170117154115861,35.26463
35_1_1_20170117154230213,55.3516
35_1_1_20170117183053534,57.39147
35_1_4_20170117201436958,42.120243
35_1_4_20170117203419569,34.575043
35_1_4_20170117203423144,50.584732
35_1_4_20170117203429672,73.50145
35_1_4_20170117203828719,43.971287
36_0_0_20170104174512284,41.031807
36_0_0_20170105171802956,43.34063
36_0_0_20170105172557165,37.58543
36_0_0_20170105172611117,44.24032
36_0_0_20170105172613829,39.973324
36_0_0_20170109003634534,49.558834
36_0_0_20170117120755229,34.8868
36_0_0_20170117140152744,47.394016
36_0_0_20170117163349597,44.31039
36_0_0_20170117163541966,55.34681
36_0_0_20170117171650744,51.02963
36_0_0_20170117175609824,41.744884
36_0_0_20170117181825165,41.13257
36_0_0_20170117181844189,43.286785
36_0_0_20170117181851709,42.308216
36_0_0_20170117183111094,46.724705
36_0_0_20170117183258406,43.12943
36_0_0_20170117183301527,36.79167
36_0_0_20170117183313263,38.450085
36_0_0_20170117183315158,36.142826
36_0_0_20170117183317229,43.99949
36_0_0_20170117203455375,34.531845
36_0_0_20170119194752299,36.535812
36_0_1_20170104172819875,36.816387
36_0_1_20170105172620093,49.63125
36_0_1_20170112213546077,33.94073
36_0_1_20170113133354400,40.27442
36_0_1_20170117154315346,47.625313
36_0_1_20170117163203851,44.33004
36_0_1_20170117163205356,45.584927
36_0_1_20170117163255045,41.76847
36_0_1_20170117163412132,37.938248
36_0_1_20170117163447723,56.497173
36_0_1_20170117163535860,58.421936
36_0_1_20170117175543360,44.410343
36_0_2_20170116191916920,55.469395
36_0_3_20170117154320368,43.24802
36_0_3_20170117183310510,57.167015
36_0_3_20170119181438574,36.039085
36_0_3_20170119183738087,39.920803
36_0_3_20170119194621194,38.37945
36_0_3_20170119195452698,35.371082
36_0_3_20170119195506419,28.710917
36_0_3_20170119201805435,45.097717
36_0_3_20170119201824085,52.932045
36_0_3_20170119201833789,56.77723
36_0_3_20170119201916448,33.82434
36_0_3_20170119202056149,52.426563
36_0_4_20170103230431017,45.07412
36_0_4_20170117163456359,42.573757
36_0_4_20170117203502182,61.850418
36_1_0_20170103181817489,48.31776
36_1_0_20170103182523314,49.839783
36_1_0_20170103182848826,47.50464
36_1_0_20170103182902892,46.469666
36_1_0_20170104200945656,58.809517
36_1_0_20170104234532883,46.05719
36_1_0_20170113010354991,37.370335
36_1_0_20170117152056883,38.4931
36_1_0_20170117183326086,45.245247
36_1_1_20170112215137928,56.168797
36_1_1_20170112215406775,40.252934
36_1_1_20170112231430536,28.845026
36_1_1_20170113000218202,39.80987
36_1_1_20170113000229769,27.463621
36_1_1_20170113000937962,42.19912
36_1_1_20170113001049181,31.088366
36_1_1_20170116001839105,36.632748
36_1_1_20170116165713429,31.336866
36_1_3_20170117135521500,45.784103
36_1_3_20170119192728122,42.916077
36_1_4_20170105001239982,52.45637
36_1_4_20170117203519312,43.108856
37_0_0_20170102233603627,41.538673
37_0_0_20170104011358104,52.84477
37_0_0_20170104202337592,37.85982
37_0_0_20170104202623003,37.400406
37_0_0_20170104205214549,47.21783
37_0_0_20170104205628245,46.75804
37_0_0_20170104205841436,48.658134
37_0_0_20170109004257626,39.309986
37_0_0_20170117120612576,40.64587
37_0_0_20170117140011191,46.77688
37_0_0_20170117140720825,41.45977
37_0_1_20170113161444292,39.694435
37_0_1_20170113173824723,53.770317
37_0_1_20170113174538178,32.484806
37_0_1_20170117104624750,55.865303
37_0_1_20170117164034574,55.849552
37_0_1_20170117164514945,40.548325
37_0_3_20170119193244666,51.963882
37_0_3_20170119194717603,38.428387
37_0_3_20170119202312469,54.358246
37_0_3_20170119202343501,42.627544
37_0_4_20170104000748917,47.223816
37_0_4_20170117140108503,52.19415
37_1_0_20170103182837146,49.767735
37_1_1_20170117014034055,51.836887
37_1_1_20170117140024639,34.995667
37_1_1_20170117140121123,64.065445
37_1_2_20170105162546659,46.234127
37_1_2_20170116184911351,59.017242
37_1_3_20170119193409372,43.342937
38_0_0_20170104203131804,61.59288
38_0_0_20170104205607908,48.270885
38_0_0_20170117131159850,39.123505
38_0_0_20170117135518125,34.635
38_0_0_20170117163505625,40.061245
38_0_1_20170113155448498,58.098904
38_0_1_20170113190540449,46.64182
38_0_1_20170117005920398,44.016865
38_0_1_20170117012906285,48.94357
38_0_1_20170117142745510,35.48453
38_0_1_20170117184650128,40.94227
38_0_2_20170104194407752,39.061184
38_0_2_20170104201018401,34.286186
38_0_3_20170119202640517,43.543987
38_0_4_20170104202009825,31.297039
38_0_4_20170117021834297,39.91689
38_1_0_20170104202430130,44.589985
38_1_0_20170116003240193,45.822628
38_1_1_20170112234250209,40.46781
38_1_1_20170113001028985,43.96421
38_1_1_20170113001403081,39.368713
38_1_1_20170113003456314,35.796303
38_1_1_20170113012719329,36.42932
38_1_1_20170116231308847,26.507347
38_1_1_20170117142941700,46.805862
38_1_3_20170105003415085,42.31468
39_0_0_20170103183234026,48.55007
39_0_0_20170104201949978,36.129753
39_0_0_20170104202328306,42.320984
39_0_0_20170104202635938,43.437252
39_0_0_20170104204347174,48.903114
39_0_0_20170105172344157,51.75736
39_0_0_20170117141453339,30.52373
39_0_1_20170117165745495,68.998085
39_0_2_20170104023022750,57.371887
39_0_2_20170104202510657,51.759586
39_0_2_20170104204728132,56.08137
39_0_2_20170116192518885,56.55144
39_0_2_20170117154429963,47.99364
39_0_2_20170117185137809,45.260494
39_0_3_20170119194600707,45.98918
39_0_3_20170119194650194,55.11001
39_0_3_20170119203939176,47.91975
39_0_4_20170104000800885,49.102417
39_0_4_20170104202054058,43.57766
39_1_0_20170103183459755,57.855053
39_1_0_20170104205026100,58.506184
39_1_0_20170104205624580,43.971973
39_1_0_20170109221036374,48.384464
39_1_0_20170117154452143,45.826363
39_1_0_20170117154454831,45.54776
39_1_0_20170117175641921,57.856327
39_1_0_20170117190455571,59.494804
39_1_1_20170116224149881,32.618763
39_1_1_20170117140914763,36.344296
39_1_2_20170103182754641,49.42665
40_0_0_20170104170121569,46.842697
40_0_0_20170104201002201,48.097736
40_0_0_20170104202600778,38.225616
40_0_0_20170104204933500,52.088802
40_0_0_20170104205931291,47.222454
40_0_0_20170105172906549,51.551853
40_0_0_20170116213608958,43.524223
40_0_0_20170116233237768,30.786005
40_0_0_20170116235455068,31.056858
40_0_0_20170117120759137,42.018486
40_0_0_20170117133705952,51.70369
40_0_0_20170117133829948,42.629673
40_0_0_20170117134702038,40.648167
40_0_0_20170117135030209,48.83691
40_0_0_20170117135238541,49.910652
40_0_0_20170117141747634,43.480824
40_0_0_20170117142017783,38.115494
40_0_0_20170117150100146,36.99054
40_0_0_20170117151322627,43.289467
40_0_0_20170117154505308,46.3123
40_0_0_20170117154507105,45.656647
40_0_0_20170117154508715,59.63833
40_0_0_20170117154520771,47.341198
40_0_0_20170117154612191,51.001488
40_0_0_20170117170539486,48.256855
40_0_0_20170117170711073,46.41314
40_0_0_20170117171009947,39.842
40_0_0_20170117180244078,38.447266
40_0_0_20170117182249476,42.355713
40_0_0_20170117182850349,49.194447
40_0_0_20170117182908711,46.522873
40_0_0_20170117185306458,56.235863
40_0_0_20170117185309809,46.74062
40_0_0_20170117203219447,38.232372
40_0_0_20170117203820721,41.732807
40_0_0_20170120220126473,36.393856
40_0_1_20170113184933016,57.05922
40_0_1_20170117135640172,42.352573
40_0_1_20170117170126359,50.494015
40_0_1_20170117170529962,38.218655
40_0_1_20170117170545162,45.828384
40_0_1_20170117170632910,51.138466
40_0_1_20170117170640870,58.94529
40_0_1_20170117173250993,53.35334
40_0_1_20170117182715021,45.76304
40_0_2_20170104171941730,47.747074
40_0_2_20170116181243263,56.63022
40_0_2_20170116191415693,32.40963
40_0_2_20170116191432618,53.950447
40_0_2_20170116191436037,48.13573
40_0_3_20170117154542505,41.27698
40_0_4_20170104200459608,30.192413
40_0_4_20170104202246139,43.671913
40_0_4_20170117175639103,60.92495
40_0_4_20170117203834424,43.093193
40_0_4_20170117204008359,47.040546
40_1_0_20170104205021796,61.2466
40_1_0_20170117150823490,35.901665
40_1_0_20170117174753056,38.674023
40_1_0_20170117180655625,33.3075
40_1_1_20170113001316202,38.516632
40_1_1_20170113001728994,44.39304
40_1_1_20170113010444517,37.3069
40_1_1_20170113011244319,36.582138
40_1_1_20170113012137831,27.681305
40_1_1_20170116003454596,47.770447
40_1_1_20170117022327672,48.452934
41_0_0_20170117140625076,38.21481
41_0_0_20170117154652529,43.04219
41_0_0_20170117170716995,51.971535
41_0_0_20170117185340114,43.302704
41_0_0_20170117185342291,41.787834
41_0_1_20170113151532863,45.45963
41_0_1_20170117154304986,52.152897
41_0_1_20170117171011004,50.747677
41_0_2_20170104204700955,58.067844
41_0_2_20170105164126307,55.452843
41_0_3_20170104201116162,41.513283
41_0_3_20170119171541497,41.865795
41_0_3_20170119204228535,43.317364
41_1_0_20170109010103671,34.471268
41_1_1_20170117135029687,60.192745
42_0_0_20170104181513925,42.877773
42_0_0_20170105173005714,49.12105
42_0_0_20170117135611209,37.95746
42_0_0_20170117135614403,38.83655
42_0_0_20170117154747738,42.28417
42_0_0_20170117154809285,47.3041
42_0_0_20170117154810113,50.179504
42_0_0_20170117171624633,43.886654
42_0_0_20170117171657481,57.059055
42_0_0_20170117185621339,40.934048
42_0_0_20170117185635954,48.71381
42_0_0_20170117185734922,46.430344
42_0_0_20170117185738076,52.320496
42_0_0_20170117185752122,47.440353
42_0_0_20170117185753668,53.313507
42_0_0_20170117185755243,40.81549
42_0_1_20170113181524871,37.86411
42_0_1_20170117142655442,42.531853
42_0_1_20170117171459684,38.252556
42_0_1_20170117171503046,51.339264
42_0_1_20170117171628313,61.042976
42_0_2_20170104172454139,43.783276
42_0_2_20170104181453181,47.295475
42_0_2_20170112215219256,48.438984
42_0_2_20170112215350320,44.85533
42_0_2_20170116192551178,53.03025
42_0_3_20170117154758183,43.62392
42_0_3_20170117175439914,67.447266
42_0_4_20170104202440690,36.4798
42_0_4_20170117142732651,46.027996
42_1_0_20170103183246362,61.177723
42_1_0_20170109141959953,54.75607
42_1_0_20170110124244590,24.90108
42_1_0_20170117203930783,57.70604
42_1_0_20170117204000071,57.515907
42_1_1_20170112234136775,36.90647
42_1_1_20170113010938703,36.804573
42_1_1_20170113012041287,40.41364
42_1_1_20170113012354401,49.09619
42_1_1_20170113182842126,47.68328
42_1_1_20170117163844791,39.221153
42_1_2_20170104204657182,52.71337
42_1_3_20170119163800509,29.944757
42_1_4_20170117203934434,50.363407
43_0_0_20170104204257115,48.23805
43_0_0_20170104204616830,40.906452
43_0_0_20170104210240958,42.09453
43_0_0_20170109002737188,47.712875
43_0_0_20170111200147932,40.103306
43_0_0_20170117153817367,40.38588
43_0_0_20170117155023824,49.805218
43_0_0_20170117175406746,59.547794
43_0_0_20170117185833850,55.788784
43_0_0_20170117185856051,44.30202
43_0_0_20170117204018328,50.30929
43_0_0_20170120222356456,41.706017
43_0_1_20170111194850581,56.43144
43_0_1_20170113173701232,39.501846
43_0_1_20170116210444779,38.225513
43_0_1_20170117165517973,72.824875
43_0_1_20170117171820798,55.88955
43_0_1_20170117175110498,72.54475
43_0_3_20170117000751907,41.176258
43_0_3_20170119180619699,49.54212
43_0_3_20170119204551990,54.834743
43_0_4_20170104000923085,61.09367
43_0_4_20170117204014422,48.386494
43_1_0_20170105173021381,39.78917
43_1_0_20170117185939842,54.437595
43_1_1_20170105172848997,63.970047
43_1_1_20170117155119604,50.044785
43_1_4_20170117204021688,41.73988
43_1_4_20170117204025030,66.68294
43_1_4_20170117204026648,63.04915
44_0_0_20170104201051081,58.0347
44_0_0_20170104210021804,57.12825
44_0_0_20170105172858549,46.46627
44_0_0_20170117135644544,49.265694
44_0_1_20170117142003663,51.733665
44_0_1_20170117163236613,58.240524
44_0_1_20170117172018631,49.040962
44_0_3_20170119165648839,52.831673
44_0_3_20170119165814423,53.626614
44_0_3_20170119195210483,41.462357
44_0_4_20170117204035832,57.463753
44_1_0_20170117190014098,68.20632
44_1_0_20170117190015938,61.68099
44_1_1_20170113011544238,30.308668
45_0_0_20170104000913421,46.851414
45_0_0_20170104165204728,52.50064
45_0_0_20170116203604318,68.62957
45_0_0_20170116235729518,46.17238
45_0_0_20170117135621471,43.94774
45_0_0_20170117135648206,41.379585
45_0_0_20170117140655657,51.009853
45_0_0_20170117154252436,62.826073
45_0_0_20170117165202100,51.84467
45_0_0_20170117170125010,39.78207
45_0_0_20170117170928114,44.438225
45_0_0_20170117170948114,34.809597
45_0_0_20170117174733520,37.070774
45_0_0_20170117180132412,37.446594
45_0_0_20170117181001561,62.82979
45_0_0_20170117181754620,36.726395
45_0_0_20170117181818036,42.941833
45_0_0_20170117182204430,47.26584
45_0_0_20170117182212741,46.373604
45_0_0_20170117182436373,41.61573
45_0_0_20170117182703981,47.712177
45_0_0_20170117182725979,51.395767
45_0_0_20170117182743885,52.084972
45_0_0_20170117182811973,46.832664
45_0_0_20170117182929156,40.055664
45_0_0_20170117183147982,51.126705
45_0_0_20170117183226150,48.36565
45_0_0_20170117183552230,49.58135
45_0_0_20170117185004664,40.151936
45_0_0_20170117185032873,45.89376
45_0_0_20170117185253753,45.224777
45_0_0_20170117185742546,57.250767
45_0_0_20170117203225383,42.509594
45_0_0_20170117204042912,48.712284
45_0_1_20170111170148435,53.714787
45_0_1_20170111195732003,38.649593
45_0_1_20170111200809203,44.822746
45_0_1_20170113173605450,40.665634
45_0_1_20170117141846901,58.49807
45_0_1_20170117143253063,43.021816
45_0_1_20170117165523332,61.811985
45_0_1_20170117165650390,62.478024
45_0_1_20170117172020917,61.505676
45_0_1_20170117173736387,55.243446
45_0_1_20170117175348238,73.10861
45_0_1_20170117182333220,49.615288
45_0_1_20170117182914790,58.343502
45_0_1_20170117204117178,61.062134
45_0_2_20170105173303117,56.114967
45_0_2_20170112214906872,37.52041
45_0_3_20170117154205339,56.028133
45_0_3_20170117175453472,54.355534
45_0_3_20170119194525986,40.52965
45_0_3_20170119195643531,46.00522
45_0_3_20170119195808299,45.207905
45_0_3_20170119200804204,54.882423
45_0_3_20170119201729135,36.649586
45_0_3_20170119202002019,48.79436
45_0_3_20170119203944694,45.78319
45_0_3_20170120221319813,53.38556
45_0_4_20170104194522552,54.393696
45_0_4_20170104202016610,36.54432
45_0_4_20170117202958949,44.54924
45_0_4_20170117203301774,46.0032
45_1_0_20170109220540006,50.468704
45_1_0_20170109221130179,34.11604
45_1_0_20170117135025030,73.80722
45_1_0_20170117170556859,53.746475
45_1_0_20170117175326912,64.63457
45_1_0_20170117181433644,53.56172
45_1_0_20170117182517677,61.259415
45_1_0_20170117183404676,47.05218
45_1_0_20170120221126908,50.422356
45_1_1_20170112203850233,33.29518
45_1_1_20170113005725568,45.871746
45_1_1_20170117140432386,49.267944
45_1_1_20170117164716460,42.660744
45_1_1_20170117183357517,47.023224
45_1_4_20170113011721570,47.132027
46_0_0_20170104203859666,47.280952
46_0_0_20170104205743292,43.901974
46_0_0_20170113181514861,33.11996
46_0_0_20170116192705365,54.958374
46_0_0_20170117135809096,41.189747
46_0_0_20170117172149820,52.717308
46_0_0_20170117190127107,60.712097
46_0_1_20170117141729225,44.937622
46_0_1_20170117185815162,66.70073
46_1_0_20170110143242639,33.781097
46_1_0_20170110154306423,42.70687
46_1_1_20170112215250704,62.061054
46_1_1_20170112220304903,64.908775
46_1_1_20170116001421842,53.3848
46_1_1_20170116001928205,47.35149
46_1_3_20170117190202819,67.67884
47_0_0_20170103183440186,58.686455
47_0_0_20170104210532204,49.152397
47_0_0_20170104210614252,55.368717
47_0_0_20170104211911013,44.394875
47_0_0_20170117171447454,47.16459
47_0_0_20170117190246626,53.619526
47_0_0_20170117190344073,48.119
47_0_0_20170119202349909,52.337574
47_0_0_20170120222544769,73.9017
47_0_1_20170109004328399,46.15663
47_0_1_20170117141144856,55.690952
47_0_1_20170117171504577,60.71993
47_0_1_20170117172015693,60.45561
47_0_1_20170117172552003,53.85723
47_0_1_20170117173346286,55.08452
47_0_1_20170117190323954,58.757614
47_0_3_20170119194827491,45.706066
47_0_3_20170119205155167,47.632267
47_0_3_20170119205156254,53.013756
47_0_4_20170104002132109,60.394863
47_1_0_20170109220517890,39.491814
47_1_0_20170109220523042,46.43303
47_1_0_20170109220604136,39.169395
47_1_0_20170117160407279,45.08017
48_0_0_20170104212017204,51.074986
48_0_0_20170105172432012,68.33099
48_0_0_20170109012109036,43.018784
48_0_0_20170109012405234,52.05223
48_0_0_20170111201220613,58.313522
48_0_0_20170113184317135,43.893013
48_0_0_20170119205302120,47.606113
48_0_0_20170120134009260,44.273273
48_0_1_20170113182616942,51.16549
48_0_1_20170117020834578,47.601715
48_0_1_20170117172159893,51.49968
48_0_3_20170119200357284,41.702293
48_0_3_20170119200742252,54.577045
48_0_3_20170119201847821,43.834137
48_0_4_20170104211950852,51.145542
48_0_4_20170117163407198,63.182045
48_1_0_20170110125249128,46.92519
48_1_0_20170117173924359,73.858505
48_1_1_20170109220559770,48.961605
48_1_1_20170109221012363,72.90937
48_1_1_20170113012552201,45.665573
48_1_1_20170117131013277,40.711727
48_1_3_20170109141805054,50.294083
49_0_0_20170103182824970,51.982857
49_0_0_20170104212102972,51.09701
49_0_0_20170104212123348,47.18777
49_0_0_20170117160559335,51.245453
49_0_0_20170117163226874,52.042217
49_0_0_20170117190513467,51.07635
49_0_1_20170117173446675,59.50313
49_0_1_20170117180355439,39.891052
49_0_3_20170119201931356,34.911816
49_0_4_20170104000903445,57.46362
49_0_4_20170104205507484,40.132927
49_0_4_20170104210601356,53.88506
49_1_0_20170103180443960,53.092426
49_1_0_20170105173102837,63.583714
49_1_0_20170109220421978,62.60052
49_1_0_20170109220426712,64.272285
49_1_0_20170109220434368,42.884666
49_1_0_20170109220855652,60.18718
49_1_0_20170109221050190,57.46264
49_1_0_20170109221102358,59.81991
49_1_0_20170117160609295,65.977554
49_1_3_20170109132625049,42.663795
49_1_3_20170109142436892,68.63675
49_1_3_20170119201515853,46.4069
50_0_0_20170104202616026,50.18706
50_0_0_20170104210147596,50.638943
50_0_0_20170111171747294,50.64973
50_0_0_20170111195423102,64.56818
50_0_0_20170111201526040,72.0966
50_0_0_20170111203910911,43.441353
50_0_0_20170117130056489,56.747513
50_0_0_20170117135334839,61.909176
50_0_0_20170117135339136,42.67127
50_0_0_20170117172141491,72.69746
50_0_0_20170117180346013,45.64275
50_0_0_20170117182857325,58.103294
50_0_0_20170117190140770,56.885338
50_0_0_20170117190657761,50.4938
50_0_0_20170119205549384,49.530758
50_0_0_20170120221409269,48.663654
50_0_0_20170120221455142,63.4575
50_0_0_20170120222217575,42.37392
50_0_0_20170120222254255,41.84723
50_0_0_20170120222743386,54.68421
50_0_0_20170120222751913,57.82679
50_0_1_20170113134715664,40.22333
50_0_1_20170113142149603,52.594196
50_0_1_20170113184346534,56.46446
50_0_1_20170117135655702,47.765434
50_0_1_20170117164310665,64.94963
50_0_1_20170117173404026,75.91644
50_0_1_20170117173432690,62.31938
50_0_1_20170117173743345,58.78123
50_0_1_20170117181702370,67.18068
50_0_1_20170120222239167,63.29243
50_0_2_20170117154145796,67.29679
50_0_3_20170117190730009,79.27729
50_0_3_20170119195739498,39.857464
50_0_3_20170119204347415,46.58015
50_0_3_20170119204418614,42.682228
50_0_3_20170119204538302,63.43593
50_0_3_20170119204709807,59.222507
50_0_3_20170119205521664,61.229115
50_0_3_20170119205530376,55.04308
50_0_3_20170119205546104,60.15262
50_1_0_20170103183831466,68.27509
50_1_0_20170109220459927,61.87949
50_1_0_20170110123120845,53.197773
50_1_0_20170110141207224,42.63858
50_1_0_20170110141422320,42.301983
50_1_0_20170110143343917,45.728813
50_1_0_20170110143400936,71.270325
50_1_0_20170110154654768,48.145966
50_1_0_20170117160743553,72.07352
50_1_0_20170117203951023,52.864307
50_1_0_20170119205609399,56.859074
50_1_1_20170113012828731,38.521694
50_1_1_20170117145027850,44.65062
50_1_1_20170117164023113,44.489037
50_1_2_20170104023119069,55.663662
50_1_3_20170117185207623,57.035744
50_1_4_20170117203355296,53.189266
50_1_4_20170117204033496,62.823368
51_0_0_20170104211815983,54.049538
51_0_0_20170111171747319,43.217293
51_0_0_20170111181750495,41.798443
51_0_0_20170111200007714,64.77774
51_0_0_20170117160748775,64.74342
51_0_0_20170117160750863,57.86986
51_0_0_20170117160751777,48.731625
51_0_0_20170117160753918,64.41496
51_0_0_20170117160754830,49.63042
51_0_0_20170117160756480,56.181442
51_0_0_20170117160807782,59.752483
51_0_0_20170117171936642,68.6635
51_0_0_20170117172522285,56.001312
51_0_0_20170117190820026,67.320435
51_0_0_20170117190822714,68.496254
51_0_0_20170117190825002,35.21693
51_0_0_20170119205617887,57.809673
51_0_0_20170120222858570,63.895947
51_0_1_20170117160804231,58.94847
51_0_1_20170117173409188,65.749405
51_0_1_20170117173507025,74.91704
51_0_1_20170117190816460,68.34265
51_0_3_20170119205627558,63.015804
51_0_3_20170119205629231,60.286224
51_0_4_20170104210348196,54.686073
51_1_0_20170103183556395,59.217346
51_1_0_20170110160643172,55.198902
51_1_0_20170117190830626,68.8216
51_1_0_20170119205632903,68.17947
51_1_2_20170104212216588,61.01685
51_1_3_20170109142223564,69.59544
52_0_0_20170104204156747,42.087692
52_0_0_20170104212243804,60.79615
52_0_0_20170104212257109,58.264492
52_0_0_20170104212319100,60.406548
52_0_0_20170104212331895,63.946926
52_0_0_20170105173619725,74.49876
52_0_0_20170111171747350,42.579693
52_0_0_20170111181750506,43.33094
52_0_0_20170111195455240,49.956596
52_0_0_20170111195709447,58.506023
52_0_0_20170111195809170,49.801517
52_0_0_20170111195813450,57.507683
52_0_0_20170111201135454,57.474323
52_0_0_20170117154814549,57.306004
52_0_0_20170117154823449,50.69362
52_0_0_20170117154831559,50.691795
52_0_0_20170117161010863,75.05747
52_0_0_20170117161013430,57.49311
52_0_0_20170117161015463,71.83717
52_0_0_20170117161040990,75.05747
52_0_0_20170117161042224,57.77239
52_0_0_20170117190844398,55.69714
52_0_0_20170117190847091,49.56338
52_0_0_20170117190849099,52.58396
52_0_0_20170120222910474,61.377937
52_0_1_20170113173047312,50.739277
52_0_1_20170113173551387,41.552486
52_0_1_20170117161018159,54.67846
52_0_1_20170117175021585,63.67838
52_0_1_20170120222921386,63.871773
52_0_3_20170104202143258,50.913708
52_0_3_20170117190840617,84.33124
52_0_3_20170119200407188,42.635574
52_0_3_20170119205647136,74.3304
52_0_3_20170119205650336,69.49204
52_0_3_20170119205700727,57.296
52_0_3_20170119205708991,70.117165
52_0_4_20170104212325060,48.278492
52_0_4_20170111201929576,55.896355
52_1_0_20170103163625630,56.338905
52_1_0_20170103183615673,69.35567
52_1_0_20170104183913011,60.50096
52_1_0_20170109221057047,32.209736
52_1_0_20170110123106118,27.127224
52_1_0_20170110123807882,53.05231
52_1_0_20170110132411787,36.80963
52_1_0_20170110152849848,40.395874
52_1_0_20170117161058646,61.431046
52_1_1_20170110153724776,46.20807
53_0_0_20170104184152541,53.38043
53_0_0_20170104212139332,52.122757
53_0_0_20170104212407239,59.142235
53_0_0_20170111201139891,52.651154
53_0_0_20170111201629101,57.41901
53_0_0_20170111201804638,61.191605
53_0_0_20170111202035978,66.58232
53_0_0_20170111205031079,58.223255
53_0_0_20170117161109630,64.48275
53_0_0_20170117163717545,60.250385
53_0_0_20170117190933140,54.009716
53_0_0_20170120222602009,56.84625
53_0_3_20170117171834099,64.720474
53_0_4_20170117204252600,68.3468
53_1_0_20170103183702714,65.12719
53_1_0_20170104184217989,70.6881
53_1_0_20170104212453853,76.868904
53_1_0_20170109220746274,59.688107
53_1_0_20170109220751701,53.46899
53_1_0_20170110122130739,48.802193
53_1_0_20170110124135439,42.452618
53_1_0_20170110140721731,63.67434
53_1_0_20170110141608191,42.34952
53_1_0_20170110141616567,55.198902
53_1_0_20170110143325963,56.2892
53_1_0_20170110143534851,53.613815
53_1_0_20170110154320128,59.02295
53_1_0_20170110154535039,65.78599
53_1_0_20170110154604352,53.937836
53_1_0_20170110160643204,62.572773
53_1_0_20170110160643235,35.09542
53_1_0_20170110160643251,53.5253
53_1_0_20170110160643266,54.861897
53_1_0_20170110160643282,55.39885
53_1_0_20170110160643297,54.902546
53_1_0_20170110160643313,52.532085
53_1_0_20170110160643329,48.639977
53_1_0_20170117163702203,59.20384
53_1_0_20170117163713738,63.09929
53_1_1_20170112215257791,60.93166
54_0_0_20170104212504460,60.865196
54_0_0_20170104212507413,58.443745
54_0_0_20170104212617845,54.913544
54_0_0_20170104212619757,60.23532
54_0_0_20170104213129446,59.453754
54_0_0_20170104213140733,70.69085
54_0_0_20170111195744986,63.14088
54_0_0_20170111195752794,55.111652
54_0_0_20170111195904169,54.26251
54_0_0_20170111201216588,57.29404
54_0_0_20170111201425519,68.12035
54_0_0_20170111203603354,47.150257
54_0_0_20170111210429835,52.509315
54_0_0_20170111210520573,52.539196
54_0_0_20170113210318996,82.14963
54_0_0_20170117171151227,58.644833
54_0_0_20170117171233580,45.34629
54_0_0_20170117171240755,55.14085
54_0_0_20170117171455802,58.552284
54_0_0_20170120222607969,56.3418
54_0_0_20170120223520757,59.494972
54_0_1_20170117172505751,60.656532
54_0_1_20170117173258493,74.64953
54_0_1_20170117173717615,68.34265
54_0_1_20170117191348426,57.65434
54_0_2_20170112222125722,60.128876
54_0_2_20170116193431300,69.72225
54_0_3_20170104202315035,51.165977
54_0_3_20170111202045698,35.620712
54_0_3_20170119210113528,62.57873
54_0_3_20170119210114392,71.30318
54_0_3_20170119210125311,59.09204
54_0_4_20170104212531845,68.712845
54_0_4_20170117204427774,61.158527
54_1_0_20170105173508749,75.98142
54_1_0_20170110122243471,58.730114
54_1_0_20170110140410594,60.43464
54_1_0_20170110141340224,51.717026
54_1_0_20170110160643344,59.798035
54_1_1_20170117141758139,46.810814
55_0_0_20170111194750534,67.97305
55_0_0_20170111195801050,60.89581
55_0_0_20170111203845708,52.518627
55_0_0_20170111205137423,65.13167
55_0_0_20170113184515608,62.044346
55_0_0_20170113184836584,53.191673
55_0_0_20170117135302098,52.904312
55_0_0_20170117135556303,55.30084
55_0_0_20170117135625808,43.91754
55_0_0_20170117155520701,55.276653
55_0_0_20170117170523803,46.29487
55_0_0_20170117173834903,61.46297
55_0_0_20170117175529999,54.900486
55_0_0_20170117183201893,58.153973
55_0_0_20170117183249550,51.502617
55_0_0_20170117185015353,61.599186
55_0_0_20170117185642242,52.73066
55_0_0_20170117185648744,39.07878
55_0_0_20170117185713024,65.44494
55_0_0_20170117185717337,53.98159
55_0_0_20170117185729852,50.447586
55_0_0_20170117185928552,54.65632
55_0_0_20170117185957338,60.502834
55_0_0_20170117190028027,58.50789
55_0_0_20170117190032456,45.030396
55_0_0_20170117190131875,52.71279
55_0_0_20170117190253859,46.1672
55_0_0_20170117190413331,61.63199
55_0_0_20170117190545195,60.2418
55_0_0_20170117190606570,60.47703
55_0_0_20170117190614219,55.901474
55_0_0_20170117190748017,48.52381
55_0_0_20170117190811698,53.349476
55_0_0_20170117191627092,55.769142
55_0_0_20170117204213768,70.539024
55_0_0_20170120221715677,54.390316
55_0_0_20170120221856526,57.810448
55_0_0_20170120222221343,49.59112
55_0_0_20170120223715854,72.89799
55_0_0_20170120223727206,63.245018
55_0_1_20170117165048545,48.716225
55_0_1_20170117180249950,55.5361
55_0_1_20170117183540925,50.470016
55_0_2_20170104023125269,63.361805
55_0_2_20170104023159589,53.560223
55_0_3_20170105180635542,71.76952
55_0_3_20170117175457824,58.91375
55_0_3_20170117183255158,40.0833
55_0_3_20170119204438679,57.749966
55_0_3_20170119204549750,57.381107
55_0_3_20170119205511952,65.0413
55_0_4_20170117193528283,47.915417
55_0_4_20170117203246215,48.255085
55_1_0_20170109220443515,57.352375
55_1_0_20170110160643360,62.64695
55_1_0_20170110160643376,48.343254
55_1_0_20170110160643391,65.81798
55_1_0_20170110160643407,43.132042
55_1_0_20170110160643422,51.65328
55_1_0_20170110160643438,54.028606
55_1_0_20170110160643547,51.372116
55_1_0_20170117173517533,50.15719
55_1_0_20170117183106982,60.285416
55_1_0_20170117185946850,65.47975
55_1_0_20170117190736258,72.68391
55_1_1_20170116232600318,46.513256
55_1_1_20170117202741735,71.91841
56_0_0_20170104184302965,62.066628
56_0_0_20170104212131403,66.52747
56_0_0_20170105173129526,64.009094
56_0_0_20170109012151633,53.67662
56_0_0_20170111194856535,52.39897
56_0_0_20170111200430322,60.366833
56_0_0_20170111201143803,70.1439
56_0_0_20170111204518142,62.235855
56_0_0_20170111211219557,63.35047
56_0_0_20170117155845920,47.04287
56_0_0_20170117164133805,61.988976
56_0_0_20170117165731095,65.20746
56_0_0_20170117173638281,62.37558
56_0_0_20170117174903919,50.17173
56_0_0_20170117191631748,67.10128
56_0_0_20170120222849329,60.136826
56_0_1_20170117172244563,57.10628
56_0_1_20170120222838627,68.40037
56_0_3_20170117191908449,64.537186
56_1_0_20170109220607828,68.13844
56_1_0_20170109221138733,61.507946
56_1_0_20170110124233302,44.933437
56_1_0_20170110125239994,49.14089
56_1_0_20170110141043329,67.68196
56_1_0_20170110141232209,60.538536
56_1_0_20170110153837637,52.122795
56_1_0_20170110160643563,50.659805
56_1_1_20170110153339650,57.624107
57_0_0_20170104212808228,62.81706
57_0_0_20170104212837910,68.56628
57_0_0_20170105173447996,69.98026
57_0_0_20170111171747492,46.724487
57_0_0_20170117192020506,63.421104
57_0_0_20170120222949154,55.797176
57_0_1_20170117141704960,74.71607
57_0_1_20170117171247961,51.78354
57_1_0_20170110141704735,47.763615
57_1_0_20170110160643579,59.02784
57_1_0_20170110160643595,56.748783
58_0_0_20170104213232283,64.01948
58_0_0_20170105173528685,63.973522
58_0_0_20170105173550604,70.98382
58_0_0_20170109010542295,41.753685
58_0_0_20170111195225616,57.136402
58_0_0_20170111201403999,55.58603
58_0_0_20170111201757951,54.36214
58_0_0_20170111205019096,60.872284
58_0_0_20170111205913082,60.527348
58_0_0_20170111210401778,58.98144
58_0_0_20170111223603548,57.085766
58_0_0_20170113185339857,55.63297
58_0_0_20170117173315296,66.936356
58_0_0_20170117191805986,59.100212
58_0_0_20170117191924885,52.18248
58_0_0_20170117191926691,63.112247
58_0_0_20170117191944060,52.961147
58_0_0_20170117193308276,67.931786
58_0_0_20170117193904073,49.46702
58_0_0_20170117193913647,65.20812
58_0_0_20170117195023639,68.95154
58_0_0_20170117204710599,73.231285
58_0_0_20170120222516888,50.393867
58_0_0_20170120224018686,74.926865
58_0_0_20170120224549744,63.216743
58_0_0_20170120224603295,76.1534
58_0_0_20170120224625496,55.927296
58_0_0_20170120224629472,62.961674
58_0_0_20170120224650587,68.97358
58_0_1_20170111210843429,74.17257
58_0_1_20170113174947234,50.111244
58_0_1_20170117160528648,87.594154
58_0_1_20170117182453919,66.38927
58_0_1_20170117192005261,61.686
58_0_1_20170117193132038,77.26299
58_0_1_20170117195329446,69.21723
58_0_3_20170109142236643,57.53518
58_0_3_20170119211523632,62.437317
58_0_3_20170119211547537,84.36983
58_0_3_20170119211627367,62.416622
58_0_3_20170119211646161,60.88409
58_1_0_20170110154135560,60.31555
58_1_0_20170117204758881,66.528885
58_1_1_20170112224053755,71.62279
58_1_1_20170113012151936,45.366566
58_1_1_20170117194006047,73.76239
58_1_1_20170117194028702,71.24853
59_0_0_20170104210317787,55.10785
59_0_0_20170104211855508,62.50381
59_0_0_20170104212933919,69.24145
59_0_0_20170109013159809,60.28247
59_0_0_20170111201348742,59.820953
59_0_0_20170111203905144,62.75953
59_0_0_20170111205324096,78.569244
59_0_0_20170120225040473,66.83228
59_0_1_20170113152816239,47.83737
59_0_3_20170104212824964,65.812904
59_0_4_20170117172237604,72.21145
59_1_0_20170110141359968,51.805206
59_1_0_20170110141538799,59.082718
59_1_0_20170110160643688,55.986412
59_1_1_20170113012852120,55.92049
59_1_2_20170104212726717,70.89915
59_1_3_20170109142030313,57.32257
60_0_0_20170103182716210,60.14622
60_0_0_20170104185553854,65.26623
60_0_0_20170104213241125,70.142136
60_0_0_20170105173244278,59.35961
60_0_0_20170105173747117,73.6808
60_0_0_20170109013439834,76.23227
60_0_0_20170109013457906,66.09601
60_0_0_20170111201520536,62.327423
60_0_0_20170111201620287,53.72567
60_0_0_20170111204719687,73.654884
60_0_0_20170111205328800,68.50529
60_0_0_20170112224151627,72.56638
60_0_0_20170117160020104,64.656624
60_0_0_20170117160634375,63.577328
60_0_0_20170117161031023,56.53375
60_0_0_20170117162852563,48.874878
60_0_0_20170117192002666,69.274826
60_0_0_20170120222250991,73.20183
60_0_0_20170120223345579,56.581413
60_0_1_20170117160042904,67.88621
60_0_1_20170117163534458,54.505116
60_0_1_20170117175043836,61.540432
60_0_1_20170120222729424,71.17825
60_0_2_20170117162755515,66.35419
60_0_3_20170117154151955,54.55233
60_0_3_20170117155910858,51.20527
60_0_3_20170119205909616,62.96079
60_1_0_20170110122430900,64.973404
60_1_0_20170110122932443,43.48401
60_1_0_20170110124140071,61.816753
60_1_0_20170110131522551,68.16905
60_1_0_20170110131759572,64.781395
60_1_0_20170110131846245,56.281372
60_1_0_20170110135918382,61.05956
60_1_0_20170110140645753,64.22476
60_1_0_20170110140651218,56.281372
60_1_0_20170110140826610,49.888294
60_1_0_20170110140829202,61.53175
60_1_0_20170110141334072,58.21552
60_1_0_20170110141408280,64.67261
60_1_0_20170110141425361,71.44328
60_1_0_20170110141610416,56.683796
60_1_0_20170110141612400,56.275925
60_1_0_20170110141759687,61.472305
60_1_0_20170110141826799,46.963264
60_1_0_20170110151345930,54.629734
60_1_0_20170110153231658,59.3808
60_1_0_20170110153435061,57.719494
60_1_0_20170110154617064,64.35074
60_1_0_20170110154619614,54.32891
60_1_0_20170110160643704,60.4612
60_1_0_20170110160643720,55.997543
60_1_1_20170110120140583,67.737854
60_1_1_20170113005740542,60.645588
60_1_1_20170113185112295,65.18243
60_1_3_20170119204012575,77.46456
61_0_0_20170111202300415,63.714935
61_0_0_20170111203523343,69.76707
61_0_0_20170111222237144,70.29871
61_0_0_20170113185456409,77.569786
61_0_0_20170117185746790,70.64966
61_0_0_20170117192049580,69.83587
61_0_0_20170117192056602,65.29345
61_0_0_20170117194409073,72.42214
61_0_1_20170113174123835,55.166115
61_0_1_20170113174636459,60.73321
61_0_1_20170117182431301,69.44507
61_0_1_20170117194601885,74.30014
61_0_1_20170117194609172,75.73909
61_0_1_20170117194623461,76.66317
61_0_2_20170111203805430,63.899223
61_0_2_20170112224332508,86.93116
61_1_0_20170110160643735,60.917965
61_1_0_20170117175115575,63.897408
61_1_0_20170117175120965,67.79142
61_1_0_20170117192206514,76.09542
61_1_1_20170117173441980,76.95989
61_1_2_20170117123801917,70.8877
62_0_0_20170111171747595,54.876297
62_0_0_20170111193832899,56.01484
62_0_0_20170111200849717,66.71197
62_0_0_20170111204505433,66.057816
62_0_0_20170111204910736,59.52807
62_0_0_20170111205142071,63.252663
62_0_0_20170111205902585,68.92087
62_0_0_20170111210035323,65.989685
62_0_0_20170111210223707,71.13262
62_0_0_20170111210530412,69.62266
62_0_0_20170113185402879,67.588776
62_0_0_20170117172611801,66.58967
62_0_0_20170117192208082,57.58468
62_0_0_20170120223836366,69.91005
62_0_0_20170120224648431,71.10517
62_0_1_20170111204710125,76.215195
62_0_1_20170113190628890,69.8881
62_0_1_20170117154841208,70.9184
62_0_2_20170111203953539,59.189583
62_0_2_20170112223958141,81.67375
62_1_0_20170110131856737,72.2467
62_1_0_20170110133917734,64.88122
62_1_0_20170110140759145,66.31921
62_1_0_20170110141021529,56.62082
62_1_0_20170110141039449,64.21601
62_1_0_20170110160643751,54.013954
62_1_0_20170110160643798,54.013992
62_1_0_20170110160643813,55.38326
62_1_0_20170110160643829,64.98426
62_1_0_20170110173810498,81.282974
62_1_0_20170110180540639,79.426186
62_1_0_20170110180546671,73.77
62_1_1_20170117183835889,72.166
62_1_2_20170105174732894,84.76114
63_0_0_20170104213529213,70.50353
63_0_0_20170109012604793,66.13114
63_0_0_20170111193827549,60.366833
63_0_0_20170113210319759,69.283295
63_0_0_20170117192212370,65.598076
63_0_0_20170117192213796,73.87525
63_0_0_20170117194911622,66.835
63_0_0_20170117194914689,68.6251
63_0_0_20170117195020915,70.17377
63_0_0_20170117195022504,72.93565
63_0_0_20170117195024577,79.56315
63_0_1_20170111170153874,67.48753
63_0_1_20170117155018994,61.62929
63_0_2_20170112223914372,73.37965
63_0_3_20170119211952608,85.4423
63_0_3_20170119211953569,68.54373
63_0_4_20170104213550381,74.61076
63_1_0_20170109150950547,75.31982
63_1_0_20170109221021608,69.54515
63_1_0_20170110141842534,53.513668
63_1_0_20170110143421537,56.57486
63_1_0_20170110153346047,61.81281
63_1_0_20170110160643845,51.194466
63_1_0_20170110160643860,65.14804
63_1_0_20170117175354308,70.98135
63_1_4_20170110180156105,64.57076
64_0_0_20170120222811411,63.945244
64_0_0_20170120224704201,71.408516
64_0_1_20170117182413598,67.62331
64_0_1_20170117182526238,66.888504
64_0_2_20170116193425715,67.04426
64_1_0_20170110131514547,74.87518
64_1_0_20170110132112143,70.29611
64_1_0_20170110160643876,68.93733
64_1_0_20170110160643892,59.94626
65_0_0_20170104213523774,67.38382
65_0_0_20170104213544876,79.94596
65_0_0_20170111193847133,61.65749
65_0_0_20170111195233409,68.46953
65_0_0_20170111195430569,67.22379
65_0_0_20170111200641250,68.5807
65_0_0_20170111201030222,65.23034
65_0_0_20170111201922080,61.12694
65_0_0_20170111203557764,72.97714
65_0_0_20170111204015410,61.381523
65_0_0_20170111204905982,78.976006
65_0_0_20170111205148232,61.570667
65_0_0_20170111210257547,63.087418
65_0_0_20170111210651348,62.448734
65_0_0_20170113190804729,71.714485
65_0_0_20170117160554095,48.418156
65_0_0_20170117162848739,55.83895
65_0_0_20170117162857355,60.762806
65_0_0_20170117162901325,56.685158
65_0_0_20170117163540466,62.173065
65_0_0_20170117163738348,58.934322
65_0_0_20170117171054325,66.90476
65_0_0_20170117171624306,80.76342
65_0_0_20170117172625586,55.45555
65_0_0_20170117191819572,66.201706
65_0_0_20170117204724913,68.56553
65_0_0_20170120221835349,49.34032
65_0_0_20170120222348112,66.156334
65_0_0_20170120224023991,72.471504
65_0_0_20170120224637535,57.080185
65_0_1_20170117162906228,72.17311
65_0_1_20170117165348576,79.68919
65_0_1_20170117191903245,79.67115
65_0_1_20170117192046226,86.91122
65_0_1_20170117193649266,66.51745
65_0_1_20170117194017535,73.29978
65_0_1_20170120222929626,63.07864
65_0_2_20170119205814303,59.624245
65_0_3_20161220221926818,38.43857
65_0_3_20170117191735066,82.14492
65_1_0_20170110123555351,64.13627
65_1_0_20170110131714147,63.92271
65_1_0_20170110132446063,63.48519
65_1_0_20170110132559859,64.88122
65_1_0_20170110133937781,66.41471
65_1_0_20170110140444495,75.440544
65_1_0_20170110140917161,70.30332
65_1_0_20170110141013017,69.844894
65_1_0_20170110141251497,64.013664
65_1_0_20170110141348912,66.08298
65_1_0_20170110154550300,61.22518
65_1_0_20170110160643907,71.19283
65_1_0_20170110160643923,60.49714
65_1_0_20170110160643938,57.712147
65_1_0_20170110160643954,64.86635
65_1_0_20170110182826116,59.99943
65_1_0_20170110183018880,75.45192
65_1_0_20170117173004744,71.697716
65_1_1_20170112215403296,65.05602
65_1_1_20170113012531920,58.88034
65_1_1_20170117163545690,69.66495
65_1_1_20170117184041200,83.29175
65_1_4_20170117203945447,77.25233
66_0_0_20170104213607429,71.429695
66_0_0_20170111210358051,75.87499
66_0_0_20170117191832603,66.5482
66_0_1_20170111171747645,70.80919
66_0_1_20170111195703017,62.00071
66_0_1_20170117195116702,73.89935
66_0_2_20170111205753656,70.38232
66_0_3_20170117195129091,79.21893
66_1_0_20170110122200303,58.056293
66_1_0_20170110122210413,55.715748
66_1_0_20170110123144558,71.09952
66_1_0_20170110131902685,68.59913
66_1_0_20170110132126931,72.754974
66_1_0_20170110132135290,70.87036
66_1_0_20170110140413980,68.03942
66_1_0_20170110140422693,69.54515
66_1_0_20170110140430277,67.212265
66_1_0_20170110140456209,69.6125
66_1_0_20170110140711170,72.754974
66_1_0_20170110143321085,68.34661
66_1_0_20170110160643970,60.146984
66_1_0_20170110160643985,63.260353
66_1_0_20170110160644001,64.82992
66_1_0_20170110160644016,69.89748
67_0_0_20170104023306558,73.1577
67_0_0_20170109150725032,75.11065
67_0_0_20170111193821219,58.8373
67_0_0_20170117192237235,72.95831
67_0_0_20170117204838537,74.11416
67_0_0_20170120225206184,78.526924
67_0_1_20170113175755885,73.39371
67_0_1_20170117143355801,62.19926
67_0_1_20170117172054412,59.30833
67_0_1_20170117185950062,82.14963
67_1_0_20170104213602661,83.665855
67_1_0_20170110120952264,80.22651
67_1_0_20170110131843433,73.42996
67_1_0_20170110140730634,72.2467
67_1_0_20170110180054361,76.05347
67_1_0_20170120224818072,72.67919
67_1_3_20170109151006621,79.6817
68_0_0_20170111205855178,72.21377
68_0_0_20170111222231920,59.021645
68_0_0_20170117172347609,71.58873
68_0_0_20170117172618723,61.372192
68_0_0_20170117174131505,66.35753
68_0_1_20170111195923226,71.53992
68_0_1_20170117170414776,61.26566
68_0_2_20170116193548368,81.6401
68_0_2_20170116193554465,65.540344
68_1_0_20170110125344328,65.86951
68_1_0_20170110141150729,66.381874
68_1_0_20170110143406927,70.34614
68_1_0_20170110143529881,73.243706
68_1_0_20170110155156093,69.18051
68_1_0_20170110160644032,64.0915
68_1_0_20170110183125200,68.35356
68_1_0_20170110183835271,64.16082
68_1_3_20170119212028089,76.8853
69_0_0_20170111200942998,64.5226
69_0_0_20170111203934092,61.91161
69_0_0_20170117185705145,71.229675
69_0_1_20170113184901806,59.723976
69_0_1_20170117194929098,76.24348
69_1_0_20170110140355514,56.62082
69_1_0_20170110140940217,66.42338
69_1_0_20170110141155497,74.698456
69_1_0_20170110141527783,68.086685
69_1_0_20170110141818223,78.00789
69_1_0_20170110141835631,75.20939
69_1_0_20170110141854535,70.311455
69_1_0_20170110153425759,74.085205
69_1_0_20170110154316664,70.35865
69_1_0_20170110175803672,78.14539
69_1_2_20170111210824053,84.39524
70_0_0_20170105173625820,64.163345
70_0_0_20170111200707164,70.91746
70_0_0_20170111201153097,68.59696
70_0_0_20170111201419254,64.50043
70_0_0_20170111205335191,72.793015
70_0_0_20170111210749134,68.506744
70_0_0_20170117172220586,63.625725
70_0_0_20170117173225496,66.073715
70_0_0_20170117173632929,71.4073
70_0_0_20170117173644159,62.633343
70_0_0_20170117173731439,69.49642
70_0_0_20170117175502596,74.867134
70_0_0_20170120225631818,73.38024
70_0_1_20170109150936134,73.57712
70_0_1_20170113175514412,66.271675
70_0_1_20170120225116936,70.00503
70_0_3_20161220221943042,65.61972
70_0_3_20170117173325952,74.69347
70_1_0_20170110122250867,69.81084
70_1_0_20170110122851852,74.52562
70_1_0_20170110122856556,64.02131
70_1_0_20170110122949483,73.034294
70_1_0_20170110123134893,67.78604
70_1_0_20170110124127878,64.03349
70_1_0_20170110180429816,70.97054
70_1_0_20170110180456347,79.96132
70_1_0_20170117155916072,54.770576
70_1_0_20170117172444338,69.25075
70_1_1_20170117171523132,84.50459
71_0_0_20170111201937537,67.51929
71_0_0_20170111210043449,70.41123
71_0_2_20170112224258484,81.31305
71_1_0_20170110140328613,66.87356
71_1_0_20170110141720224,62.145016
71_1_0_20170110143306064,75.16372
71_1_0_20170110153303997,72.2467
71_1_0_20170110160644048,70.68924
71_1_1_20170117194632791,75.095055
72_0_0_20170111210054315,75.83684
72_0_0_20170111210133115,80.81548
72_0_0_20170111210622013,53.43279
72_0_0_20170111210705162,76.15244
72_0_0_20170111221801037,69.224075
72_0_1_20170111210712990,83.65264
72_0_1_20170113185128016,71.777756
72_0_3_20170105180648062,65.81514
72_1_0_20170110120829664,64.90356
72_1_0_20170110140438240,69.93865
72_1_0_20170110140754434,66.8641
72_1_0_20170110141531648,63.01603
72_1_0_20170110153242401,68.56312
72_1_0_20170110153733573,61.77192
72_1_0_20170110160644063,68.307396
72_1_0_20170110161254894,72.41857
72_1_0_20170110175340308,73.3422
72_1_0_20170110180409214,77.66604
72_1_0_20170110180453423,63.018497
72_1_0_20170110180527464,68.227745
72_1_0_20170110181628038,67.66564
72_1_0_20170110182955408,64.445206
72_1_0_20170110183029618,66.44081
72_1_0_20170110183342670,72.83526
72_1_0_20170110183416570,68.8825
72_1_0_20170110183821487,69.32023
73_0_0_20170104213653518,77.32498
73_0_0_20170105001507628,71.44261
73_0_0_20170105173752749,87.73296
73_0_0_20170111211426693,71.66735
73_0_0_20170111221751463,82.02305
73_0_0_20170111223400971,74.33351
73_0_0_20170120230233019,66.241264
73_0_1_20170117194956074,80.36623
73_0_1_20170117195315175,87.940994
73_0_1_20170117195353786,83.275215
73_1_0_20170110125254674,76.272705
73_1_0_20170110140448378,78.41947
73_1_0_20170110141055369,68.35356
73_1_0_20170110141129145,64.08834
73_1_0_20170110154151795,72.106865
73_1_0_20170110160644079,64.7936
73_1_0_20170110182146582,81.282974
73_1_0_20170110183953439,56.29437
73_1_0_20170120230411820,86.49578
74_0_0_20170111223730444,72.76484
74_0_0_20170111223743652,75.1869
74_0_0_20170120225714392,86.3804
74_0_0_20170120230055728,70.07951
74_1_0_20170110153238490,75.026596
74_1_0_20170120224932730,77.49279
75_0_0_20170111202232554,69.743256
75_0_0_20170111203855367,68.75807
75_0_0_20170111203916648,69.81036
75_0_0_20170111204722982,76.36226
75_0_0_20170111204808623,74.782074
75_0_0_20170111204851535,80.31185
75_0_0_20170111204855557,66.092964
75_0_0_20170111205052872,77.158005
75_0_0_20170111205232856,76.27449
75_0_0_20170111205635250,72.944374
75_0_0_20170111205932368,71.07806
75_0_0_20170111210208339,68.628815
75_0_0_20170111210525525,75.65367
75_0_0_20170111210708463,77.221535
75_0_0_20170111210835093,79.444336
75_0_0_20170111210855670,65.85442
75_0_0_20170117173104681,68.041916
75_0_0_20170117173746334,57.148083
75_0_0_20170117174833509,73.77226
75_0_0_20170117175217462,79.83976
75_0_0_20170117192054194,68.78757
75_0_0_20170117192218987,77.172066
75_0_0_20170117192228563,88.2074
75_0_1_20170111200107131,75.948715
75_0_1_20170111205346848,71.60923
75_0_1_20170111210049339,83.0733
75_0_3_20170111202756116,66.53651
75_0_3_20170112224003785,71.20008
75_0_3_20170112224225939,77.547745
75_0_4_20170111205047952,67.4585
75_1_0_20170110122303534,76.2587
75_1_0_20170110141247761,78.41947
75_1_0_20170110180500719,78.19932
75_1_0_20170110182543266,78.384995
75_1_0_20170110184033219,70.55119
75_1_1_20170110182126367,49.628056
75_1_1_20170113013039564,64.14445
75_1_2_20170110182818569,76.00415
76_0_0_20170111171747674,74.27614
76_0_0_20170111210122757,78.96624
76_0_0_20170111210148707,71.48758
76_0_0_20170111210806003,71.48758
76_1_0_20170110131747399,64.73274
76_1_0_20170110140935777,67.9204
76_1_0_20170110160644096,64.032936
76_1_0_20170110182047993,75.62467
76_1_1_20170110181603235,47.31027
76_1_2_20170110143551965,83.868774
76_1_2_20170110182935621,83.79008
76_1_3_20170109150736001,73.82358
77_0_0_20170111211341479,71.53094
77_0_0_20170111222408207,80.032104
77_0_0_20170113210319811,95.592224
77_0_2_20170112224640564,88.54446
77_0_2_20170112224733518,86.80251
77_1_0_20170110125310561,68.35356
77_1_0_20170110132442352,72.28856
77_1_0_20170110140346806,69.38127
77_1_0_20170110160644117,80.426025
78_0_0_20170111210105923,77.05271
78_0_0_20170111210454101,72.95836
78_0_0_20170111210848588,79.69974
78_0_0_20170111221741900,82.20216
78_0_0_20170111221831653,80.06764
78_0_0_20170111221952212,73.96271
78_0_0_20170111222257902,77.221535
78_0_0_20170120225240993,79.0867
78_0_0_20170120230506347,74.98484
78_0_1_20170111210701342,65.8807
78_0_1_20170117185943219,79.325584
78_0_1_20170117193425610,72.92296
78_1_0_20170110131945504,69.93865
78_1_0_20170110181107549,78.27779
78_1_0_20170120230348881,82.99691
78_1_0_20170120230432160,95.328674
78_1_0_20170120230523930,89.89749
79_0_0_20170111210813495,80.26884
79_0_0_20170111222432817,83.515144
79_0_2_20170112224730972,94.05128
79_1_0_20170110131753196,72.97321
79_1_0_20170110151406182,67.559074
79_1_0_20170111201959926,91.34731
79_1_0_20170120225803298,80.56254
79_1_0_20170120225812145,93.36918
79_1_0_20170120225840978,87.9505
79_1_2_20170110175752735,83.63407
80_0_0_20170111205531200,79.86423
80_0_0_20170111205626183,84.52371
80_0_0_20170111205921074,65.40863
80_0_0_20170111210128898,74.66104
80_0_0_20170111211628015,80.22285
80_0_0_20170117171459531,64.38438
80_0_0_20170117172944233,71.89139
80_0_0_20170117173059810,72.68609
80_0_0_20170117173234032,65.45151
80_0_0_20170117173616376,71.89139
80_0_0_20170117173628559,65.40154
80_0_0_20170117173759783,61.001686
80_0_0_20170117173919384,79.90263
80_0_0_20170117174413373,75.48229
80_0_0_20170117175546325,84.316055
80_0_1_20170111181750520,72.78086
80_0_1_20170111205416943,89.5944
80_0_1_20170111205423680,65.90263
80_0_1_20170111205551658,46.576195
80_0_1_20170111205621738,69.72764
80_0_2_20170111205702505,82.98163
80_0_2_20170112224352147,88.83133
80_0_3_20170117174541085,65.15187
80_1_0_20170110122217473,71.545395
80_1_0_20170110140603775,75.32411
80_1_0_20170110154249092,66.120804
80_1_0_20170110154540002,84.338455
80_1_0_20170110154553925,76.791306
80_1_0_20170110154556609,78.491585
80_1_0_20170110155128293,83.85906
80_1_0_20170117175604677,84.98964
80_1_0_20170117175612764,92.41544
80_1_1_20170116153903211,81.86156
80_1_1_20170117193146273,87.5114
80_1_3_20170109151103678,90.69829
81_0_0_20170111222146910,83.219574
81_0_0_20170111222241614,84.073235
81_0_0_20170111222450939,85.655014
81_1_0_20170110140600243,73.37531
81_1_0_20170120225836610,75.628815
81_1_0_20170120230530059,93.70968
81_1_0_20170120230532540,94.25898
81_1_0_20170120230534443,96.020134
82_0_0_20170111210140987,83.219574
82_0_0_20170111210217828,84.71374
82_0_0_20170111210717906,71.73907
82_0_0_20170111210901892,76.594444
82_0_0_20170111222354407,77.317345
82_0_0_20170111222357343,74.078735
82_0_0_20170111223748572,80.52132
82_0_0_20170111224022146,79.63612
82_0_1_20170111210240036,89.754425
82_0_2_20170111210110290,84.52356
82_0_2_20170111210612356,84.96348
82_0_2_20170112224024582,90.15478
82_0_4_20170117190644623,73.70507
82_1_0_20170120225739329,93.533165
83_1_0_20170110160644142,77.60268
83_1_0_20170120230224530,86.50949
83_1_0_20170120230355596,96.081406
83_1_0_20170120230456826,95.43113
84_0_0_20170111211153326,77.773834
84_0_1_20170117192953555,81.24446
84_1_0_20170110140658706,72.95837
84_1_0_20170110160644158,76.947845
84_1_0_20170120225014112,96.14962
84_1_0_20170120225946337,86.040985
84_1_0_20170120230246475,92.50336
84_1_0_20170120230257434,94.881386
84_1_2_20170120225608458,94.819016
84_1_4_20170105001517613,70.04883
85_0_0_20170111205512345,78.07696
85_0_0_20170111205830721,83.393936
85_0_0_20170111205915994,94.196495
85_0_0_20170111205957066,94.7811
85_0_0_20170111210017033,90.336655
85_0_0_20170111210408610,78.6259
85_0_0_20170111210414353,88.56214
85_0_0_20170111210445676,81.55814
85_0_0_20170111210457043,83.88136
85_0_0_20170111210559755,90.454926
85_0_0_20170111210640890,83.77626
85_0_0_20170111210736421,74.09902
85_0_0_20170111211348840,74.35541
85_0_0_20170111223752482,89.33103
85_0_0_20170117174438038,74.784996
85_0_0_20170117192351268,89.08731
85_0_0_20170120224751080,84.182724
85_0_1_20170111210022765,85.709755
85_0_1_20170111210314652,79.71627
85_0_1_20170111211354288,69.582
85_0_1_20170117194436106,77.667435
85_0_2_20170112224655914,85.03081
85_1_0_20170110155144403,72.95837
85_1_0_20170110173744770,84.261345
85_1_0_20170110180531278,79.718
85_1_0_20170110181556802,78.24231
85_1_0_20170110181946121,82.27058
85_1_0_20170110181956588,79.16098
85_1_0_20170110182028892,86.88922
85_1_0_20170110182358244,82.99739
85_1_0_20170110182858189,76.01307
85_1_0_20170110182918046,70.07731
85_1_0_20170110183057797,71.396774
85_1_0_20170110183112103,81.73826
85_1_0_20170110183134095,85.29652
85_1_0_20170110183410318,90.7888
85_1_0_20170110183455199,90.7014
85_1_0_20170110183520442,79.63365
85_1_0_20170110183621661,84.41933
85_1_0_20170110183711497,80.111626
85_1_0_20170110183728036,72.95837
85_1_0_20170110183749939,85.42986
85_1_0_20170110183752111,83.599815
85_1_0_20170110184001159,75.088036
85_1_0_20170110184107806,79.69048
85_1_0_20170120223641413,81.121284
85_1_0_20170120225733929,92.11579
85_1_0_20170120225757530,91.278175
85_1_0_20170120230116817,88.41014
85_1_0_20170120230251394,90.73524
85_1_1_20170110183033556,91.84216
85_1_1_20170110184037971,74.42965
85_1_2_20170110175723033,91.34238
85_1_2_20170110182342530,81.847374
85_1_2_20170110183021416,86.56531
85_1_2_20170120230102370,87.99815
85_1_3_20170110183506044,68.973
86_0_0_20170111205938881,89.152245
86_0_0_20170111210513628,88.17848
86_0_0_20170111210757200,91.53673
86_0_0_20170111222700442,82.67952
86_0_2_20170111210346308,79.28675
86_0_3_20170111223908826,91.87619
86_1_0_20170110183800477,87.90704
86_1_2_20170105174813405,82.78982
86_1_2_20170112224133563,84.43404
87_1_0_20170110181045529,93.73617
87_1_0_20170120224714735,84.72665
88_0_0_20170120230341067,77.32327
88_1_0_20170105174941006,89.41035
88_1_0_20170110182132120,93.36509
88_1_0_20170110183050254,79.88835
88_1_0_20170110183704246,88.30491
88_1_0_20170120230401803,87.322014
88_1_1_20170110183118502,89.305
89_0_0_20170111210541562,71.13617
89_0_1_20170117182437361,72.206055
89_0_1_20170117194109597,85.99186
89_1_0_20170110182452888,77.387436
89_1_0_20170110183446677,83.0786
89_1_0_20170110183810930,85.2418
89_1_0_20170120230445570,94.20033
89_1_1_20170120230414826,92.04859
89_1_2_20170110182930160,80.68168
89_1_3_20170110183718790,87.925835
90_0_0_20170111210057456,93.7488
90_0_0_20170111210220723,77.4022
90_0_0_20170111210338948,85.977295
90_0_0_20170111210403969,84.85562
90_0_0_20170111210516589,84.45223
90_0_0_20170111210753614,82.330345
90_0_0_20170111211402785,90.481544
90_0_0_20170111222149759,94.03762
90_0_0_20170111222243901,74.52395
90_0_0_20170111222418306,71.73907
90_0_0_20170117175416532,87.90087
90_0_0_20170117175429276,83.35029
90_0_0_20170117175511939,80.73837
90_0_1_20170111205407457,68.38589
90_0_1_20170111210246547,83.377594
90_0_1_20170111210350530,72.85873
90_0_1_20170117194324750,79.12549
90_0_2_20170111210008312,89.94296
90_0_2_20170111210212331,84.51259
90_0_2_20170111210435708,80.630844
90_0_2_20170111210740854,78.07479
90_0_2_20170111211411216,88.701035
90_0_3_20170111210252274,78.78305
90_1_0_20170110182426286,91.72863
90_1_0_20170110182536477,88.32717
90_1_0_20170110183401767,86.8617
90_1_0_20170110183406830,90.40423
90_1_0_20170120225317689,88.82979
90_1_0_20170120225831522,84.44616
90_1_1_20170117195305990,94.33263
90_1_2_20170110183708997,90.21612
90_1_2_20170111221639268,85.38559
91_0_1_20170117194736477,83.327484
92_0_2_20170105174832245,80.0985
92_1_0_20170110133307879,75.92526
92_1_0_20170110182333823,70.1837
92_1_0_20170110183055235,89.344986
92_1_2_20170110175823500,81.47007
92_1_2_20170110182855209,79.819405
93_1_0_20170110141221528,81.34702
93_1_0_20170120225257592,81.71382
93_1_0_20170120225304313,93.74418
95_1_0_20170110161313778,85.654396
95_1_0_20170120230149594,91.63505
95_1_2_20170110182531150,86.08403
96_1_0_20170110161321170,82.885475
96_1_0_20170110172637082,94.1724
96_1_0_20170110173805290,89.467255
96_1_0_20170110182515404,89.93545
96_1_2_20170110182526540,91.92511
99_1_0_20170120133837030,92.09139
99_1_2_20170117195405372,95.592224
