subj_id,faceage,age,gender,race
20170110153238490,75.026596,74,1,0
20170109213056053,28.754328,21,1,2
20170117012906285,48.943573,38,0,1
20170117151304315,30.146166,30,1,0
20170116200714834,45.974422,26,0,1
20170112235129592,44.65238,33,1,1
20170104201018401,34.28618,38,0,2
20170117145314932,29.97685,24,0,4
20170116204921756,29.36102,21,0,1
20170117165523332,61.811985,45,0,1
20170117150146771,27.752783,24,0,0
20170113145620590,26.64718,26,0,1
20170117170556859,53.746475,45,1,0
20170111202300415,63.71493,61,0,0
20170113001728994,44.39303,40,1,1
20170117143546538,29.357342,25,0,0
20170117180942324,33.10735,29,0,0
20170104210147596,50.638943,50,0,0
20170117095826375,46.572887,29,0,1
20170117194809365,29.293016,24,1,4
20170104210601356,53.88506,49,0,4
20170103180035647,31.655994,23,1,0
20170112215257791,60.93166,53,1,1
20170104202623003,37.400414,37,0,0
20170117150004378,27.179523,24,0,0
20170110183112103,81.73826,85,1,0
20170104020257804,21.964558,20,1,2
20170119203939176,47.919746,39,0,3
20170117150823490,35.901665,40,1,0
20170104212331895,63.946938,52,0,0
20170117140811354,22.912382,25,0,0
20170119201916448,33.824333,36,0,3
20170117131024540,37.43445,30,0,0
20170105003228731,40.368843,26,1,0
20170117135307744,38.219257,31,0,0
20170117143359866,25.040056,30,0,0
20170119163028157,23.271639,22,1,3
20170110141818223,78.00788,69,1,0
20170110182855209,79.819405,92,1,2
20170111200641250,68.5807,65,0,0
20170117175546325,84.31605,80,0,0
20170110132446063,63.485188,65,1,0
20170104020746876,26.105455,28,1,2
20170113011544238,30.308668,44,1,1
20170119172135455,27.310635,25,1,3
20170110122851852,74.52561,70,1,0
20170119193316562,37.196327,35,0,2
20170117202657886,36.916183,29,0,0
20170117021212992,38.051193,31,0,1
20170117162901325,56.685158,65,0,0
20170110182146582,81.282974,73,1,0
20170112213555559,28.440905,27,1,1
20170110160643407,43.132046,55,1,0
20170116010647849,32.56243,30,0,1
20170104015713028,22.89105,24,1,2
20170109004328399,46.15663,47,0,1
20170119203944694,45.783195,45,0,3
20170117150043934,36.116734,24,0,3
20170111204855557,66.092964,75,0,0
20170117183552230,49.581345,45,0,0
20170112224640564,88.54446,77,0,2
20170117022224947,40.635033,29,1,1
20170116001839105,36.63274,36,1,1
20170111200707164,70.917465,70,0,0
20170110160643235,35.095413,53,1,0
20170117013654319,30.726236,27,0,1
20170116203358423,37.914623,29,0,1
20170111203603354,47.15026,54,0,0
20170111201620287,53.725674,60,0,0
20170117013702526,32.94205,27,0,0
20170104021933189,30.273228,25,1,2
20170117122015236,38.84339,29,0,0
20170105002506437,33.075718,21,0,1
20170116165445234,24.25016,24,1,2
20170117000350509,32.962357,30,0,0
20170117013811568,49.303345,27,1,1
20170104020035915,30.502047,22,1,2
20170103223240255,31.478617,21,1,4
20170110160643360,62.646957,55,1,0
20170119200057620,41.25002,31,1,0
20170119201931356,34.911816,49,0,3
20170117185032873,45.89377,45,0,0
20170109151006621,79.6817,67,1,3
20170113185128016,71.777756,72,0,1
20170109132625049,42.6638,49,1,3
20170112231608655,26.521269,31,1,1
20170104022125085,29.891367,30,0,2
20170111201629101,57.41901,53,0,0
20170103183748779,72.12491,25,1,2
20170103181430872,44.756714,29,1,0
20170113000229769,27.463615,36,1,1
20170120223520757,59.494972,54,0,0
20170112231759374,29.599268,26,1,0
20170117185621339,40.93405,42,0,0
20170120224818072,72.6792,67,1,0
20170119160342147,53.70603,22,0,3
20170119201805435,45.097713,36,0,3
20170116172552663,32.542645,28,1,2
20170110182333823,70.1837,92,1,0
20170104210200460,55.962517,35,0,0
20170104021348142,28.539698,22,0,2
20170109012604793,66.13114,63,0,0
20170110120829664,64.90356,72,1,0
20170119163855005,33.5359,23,0,3
20170112220304903,64.90879,46,1,1
20170117183313263,38.45008,36,0,0
20170119180619699,49.542114,43,0,3
20170109220604136,39.1694,47,1,0
20170119200340188,37.695557,32,0,3
20170104202239802,40.67785,32,0,0
20170104205214549,47.217823,37,0,0
20170111201348742,59.82095,59,0,0
20170109150736001,73.823586,76,1,3
20170117165134738,50.503613,34,0,1
20170117190413331,61.63199,55,0,0
20170117202432502,29.993807,28,0,0
20170116204840434,33.782646,26,0,1
20170110181628038,67.66564,72,1,0
20170117175406746,59.5478,43,0,0
20170119211952608,85.4423,63,0,3
20170117194436106,77.66744,85,0,1
20170117175326912,64.63457,45,1,0
20170119212028089,76.88529,68,1,3
20170109150936134,73.57711,70,0,1
20170117175315496,50.33355,26,1,0
20170113005238142,38.72242,33,1,1
20170119194926283,40.18895,28,0,3
20170117173432690,62.31938,50,0,1
20170117172018631,49.04097,44,0,1
20170104205628245,46.75805,37,0,0
20170103183234026,48.55007,39,0,0
20170111223743652,75.1869,74,0,0
20170105172848997,63.970043,43,1,1
20170110140826610,49.888298,60,1,0
20170104202600778,38.22562,40,0,0
20170116191244597,61.021435,35,0,2
20170116222827257,44.231415,24,1,0
20170111210148707,71.48758,76,0,0
20170105172432012,68.331,48,0,0
20170113155220675,47.069298,35,0,1
20170111171747674,74.276146,76,0,0
20170110184107806,79.69048,85,1,0
20170110154619614,54.32891,60,1,0
20170117161109630,64.48276,53,0,0
20170119205647136,74.3304,52,0,3
20170117174702574,34.529526,28,1,0
20170117203052559,28.374573,31,1,4
20170110160644096,64.03294,76,1,0
20170117145758955,31.102203,24,0,0
20170117201805678,43.935795,26,1,1
20170104222315121,24.444872,25,1,3
20170117194017535,73.29978,65,0,1
20170117190323954,58.757607,47,0,1
20170110135918382,61.059555,60,1,0
20170120230102370,87.99815,85,1,2
20170104210614252,55.368713,47,0,0
20170113173701232,39.501846,43,0,1
20170119200357284,41.702293,48,0,3
20170117175543360,44.410336,36,0,1
20170110141334072,58.21552,60,1,0
20170117191903245,79.67114,65,0,1
20170104202143258,50.913708,52,0,3
20170104021735596,33.9319,27,1,2
20170104201734834,32.25203,35,0,4
20170117140958984,24.175337,24,0,0
20170119205549384,49.530758,50,0,0
20170104230051977,24.914663,20,0,0
20170117182715021,45.76304,40,0,1
20170120225812145,93.36917,79,1,0
20170111210022765,85.709755,85,0,1
20170119153339006,23.201668,26,0,3
20170117154542505,41.276978,40,0,3
20170117194319028,43.10418,23,1,4
20170110131846245,56.281372,60,1,0
20161220221541210,20.608566,24,1,3
20170110182126367,49.62805,75,1,1
20170117160750863,57.869865,51,0,0
20170116003240193,45.822617,38,1,0
20170117183315158,36.142826,36,0,0
20170117135611209,37.95746,42,0,0
20170117164514945,40.548317,37,0,1
20170117135614403,38.836555,42,0,0
20170117014021084,40.453716,33,1,1
20170120225840978,87.9505,79,1,0
20170104184217989,70.6881,53,1,0
20170111210651348,62.44873,65,0,0
20170117193528283,47.915413,55,0,4
20170116220903106,41.876144,29,1,2
20170105164252747,46.88416,32,1,4
20170117130056489,56.747517,50,0,0
20170120222348112,66.15634,65,0,0
20170105173747117,73.6808,60,0,0
20170103201733831,26.71204,20,1,0
20170112234250209,40.467808,38,1,1
20170111210513628,88.178474,86,0,0
20170112215219256,48.439,42,0,2
20170117175612764,92.41544,80,1,0
20170117182234772,38.488186,32,0,0
20170117193649266,66.51745,65,0,1
20170117134811472,47.51075,32,1,1
20170104183913011,60.50096,52,1,0
20170116192705365,54.958385,46,0,0
20170117160634375,63.57732,60,0,0
20170117174541085,65.15187,80,0,3
20170104020754708,25.193998,28,1,2
20170112191323933,33.62544,20,1,1
20170119205609399,56.859074,50,1,0
20170102233603627,41.538685,37,0,0
20170112234139392,24.795883,23,1,1
20170104170121569,46.842693,40,0,0
20170117180538592,28.950104,28,0,0
20170117173250993,53.353348,40,0,1
20170111221741900,82.20216,78,0,0
20170104021129925,25.674906,22,0,2
20170111210223707,71.13262,62,0,0
20170110180527464,68.227745,72,1,0
20170117131018041,33.71241,30,0,0
20170117203930783,57.706024,42,1,0
20170116203604318,68.62957,45,0,0
20170117172007523,37.425896,35,0,1
20170104212123348,47.187775,49,0,0
20170116001421842,53.3848,46,1,1
20170117185729852,50.44759,55,0,0
20170111211341479,71.53093,77,0,0
20170104213602661,83.66585,67,1,0
20170117184041200,83.29174,65,1,1
20170111195744986,63.14089,54,0,0
20170117144552915,32.073734,23,0,0
20170111210708463,77.221535,75,0,0
20170110141013017,69.844894,65,1,0
20170117172552003,53.857235,47,0,1
20170117143734089,23.807545,22,1,3
20170117201852933,36.84495,26,1,4
20170104230122361,32.690125,22,0,3
20170117190246626,53.619526,47,0,0
20170112231851007,30.280926,21,1,1
20170117154508715,59.638336,40,0,0
20170117154758183,43.62392,42,0,3
20170111222146910,83.219574,81,0,0
20170104020913116,31.906103,27,1,2
20170117170948114,34.809586,45,0,0
20170116221809969,39.02288,23,1,0
20170116191415693,32.40963,40,0,2
20170111210640890,83.77625,85,0,0
20170117182406861,28.875252,32,0,1
20170117152309069,37.30329,30,0,0
20170111210429835,52.50932,54,0,0
20170117161040990,75.05747,52,0,0
20170105002545990,24.84382,22,1,0
20170111171747319,43.21729,51,0,0
20170110173805290,89.46726,96,1,0
20170110123120845,53.19777,50,1,0
20170110173810498,81.282974,62,1,0
20170119200407188,42.63558,52,0,3
20170110125254674,76.27271,73,1,0
20170110141608191,42.349518,53,1,0
20170117193827524,37.8219,30,1,0
20170120222929626,63.078625,65,0,1
20170104212102972,51.097004,49,0,0
20170120222751913,57.82679,50,0,0
20170117193519517,27.896914,20,0,2
20170110140444495,75.440544,65,1,0
20170110183810930,85.241806,89,1,0
20170111223730444,72.76484,74,0,0
20170120224751080,84.18272,85,0,0
20170104202616026,50.18706,50,0,0
20170104210532204,49.152397,47,0,0
20170103183556395,59.217342,51,1,0
20170117134739830,36.421207,32,1,2
20170111205148232,61.570663,65,0,0
20170117194023317,31.306705,23,0,0
20170117134910165,40.171257,34,0,0
20170117173507025,74.91704,51,0,1
20170117151322627,43.289467,40,0,0
20170117141747634,43.480824,40,0,0
20170110132411787,36.80963,52,1,0
20170120222910474,61.37795,52,0,0
20170117182249476,42.355705,40,0,0
20170117140013800,32.00409,26,1,3
20170117182431301,69.44507,61,0,1
20170111221801037,69.22407,72,0,0
20170117140814015,45.0597,34,0,1
20170104200556817,31.899683,25,1,2
20170120220115217,34.041714,33,0,0
20170110183800477,87.907036,86,1,0
20170117185635954,48.713806,42,0,0
20170113155146201,35.30912,35,0,1
20170105171802956,43.34063,36,0,0
20170120224637535,57.08019,65,0,0
20170117131013277,40.711723,48,1,1
20170116235729518,46.17238,45,0,0
20170116225020910,27.036446,28,1,1
20170102233409115,33.201805,27,0,0
20170117195305990,94.33263,90,1,1
20170113000937962,42.19912,36,1,1
20170104212257109,58.26449,52,0,0
20170117175639103,60.92495,40,0,4
20170119202343501,42.62755,37,0,3
20170117172522285,56.001312,51,0,0
20170117193028403,26.139233,25,0,0
20170111210140987,83.219574,82,0,0
20170112205213493,45.44121,29,1,1
20170110141359968,51.80521,59,1,0
20170119195249772,36.539658,29,0,3
20170111210454101,72.95836,78,0,0
20170109141805054,50.294086,48,1,3
20170112212035747,28.44826,26,1,3
20170112212030764,25.490528,26,1,1
20170117194409073,72.42214,61,0,0
20170117180346013,45.642746,50,0,0
20170117195334509,36.166203,25,1,1
20170110132112143,70.29611,64,1,0
20170104233637946,35.85635,28,1,0
20170113001227602,39.933914,32,1,1
20170117134937660,42.469376,35,0,0
20170111204910736,59.52807,62,0,0
20170105164540403,37.81466,26,1,2
20170119202002019,48.79437,45,0,3
20170117143355801,62.19926,67,0,1
20170117201449668,28.809832,26,1,0
20170117203219447,38.23237,40,0,0
20170104202440690,36.4798,42,0,4
20170120223345579,56.581417,60,0,0
20170116231308847,26.507353,38,1,1
20170104211815983,54.049538,51,0,0
20170111210035323,65.98969,62,0,0
20170110180409214,77.66603,72,1,0
20170117164310665,64.94963,50,0,1
20170104212726717,70.89915,59,1,2
20170111210740854,78.07479,90,0,2
20170117172220586,63.625736,70,0,0
20170117125908204,21.950893,25,1,1
20170111223748572,80.521324,82,0,0
20170113000218202,39.809868,36,1,1
20170117182728950,36.716503,34,0,0
20170104184152541,53.38042,53,0,0
20170104204700955,58.06784,41,0,2
20170117194623461,76.66318,61,0,1
20170117143926531,33.56679,22,1,3
20170111204851535,80.31185,75,0,0
20170117144550331,24.76596,23,0,0
20170104234820025,28.491076,24,1,0
20170114032011297,28.077652,23,0,1
20170117175604677,84.98964,80,1,0
20170103201838744,41.9641,21,1,0
20170117141931817,31.674498,25,0,0
20170117182718307,36.338547,34,0,0
20170114032208983,26.694365,21,1,1
20170110141759687,61.4723,60,1,0
20170117190748017,48.523808,55,0,0
20170103223649399,35.98946,22,1,4
20170117183357517,47.02323,45,1,1
20170111223908826,91.8762,86,0,3
20170117180440824,37.040543,35,0,0
20170111195233409,68.46951,65,0,0
20170113190628890,69.88811,62,0,1
20170110175752735,83.63407,79,1,2
20170117190849099,52.58396,52,0,0
20170113151333608,27.8423,31,0,1
20170104194349352,26.755972,27,0,4
20170111223603548,57.08575,58,0,0
20170117134813347,35.381535,32,1,0
20170112223958141,81.67375,62,0,2
20170117192046226,86.911224,65,0,1
20170109221036374,48.384464,39,1,0
20170117164716460,42.660725,45,1,1
20170117192228563,88.2074,75,0,0
20170109213411083,29.421614,20,1,0
20170113013039564,64.14445,75,1,1
20170119200742252,54.577053,48,0,3
20170113010938703,36.804573,42,1,1
20170110183711497,80.111626,85,1,0
20170104021011429,24.343754,24,1,2
20170111210824053,84.39525,69,1,2
20170117180949666,39.097885,29,0,0
20170117194109597,85.99186,89,0,1
20170120222239167,63.292423,50,0,1
20170104193647416,34.997463,27,0,0
20170110180531278,79.71801,85,1,0
20170104023032454,33.251698,25,1,0
20170117171240755,55.140835,54,0,0
20170117204000071,57.515907,42,1,0
20170117022422149,32.541393,25,1,2
20170117173059810,72.68609,80,0,0
20170110175803672,78.1454,69,1,0
20170117202752934,37.715313,29,1,4
20170111205346848,71.60923,75,0,1
20170117175348238,73.10861,45,0,1
20170117192005261,61.686,58,0,1
20170110160643985,63.260357,66,1,0
20170120222254255,41.84723,50,0,0
20170117134814159,47.622246,32,1,0
20170117173653317,29.978271,26,1,3
20170117161018159,54.678455,52,0,1
20170104205624580,43.971966,39,1,0
20170117190614219,55.90147,55,0,0
20170117202327093,34.723732,28,0,4
20170116222626783,41.065624,24,1,0
20170116163734036,24.508358,27,1,2
20170104021318733,24.70822,30,1,2
20170104005830151,29.39751,24,1,4
20170117190840617,84.33124,52,0,3
20170117171151227,58.644833,54,0,0
20170117182830027,49.547062,35,0,3
20170117202249743,37.061092,28,0,1
20170117193616027,25.000933,20,1,0
20170119181438574,36.03908,36,0,3
20170104212504460,60.865192,54,0,0
20170119205700727,57.296,52,0,3
20170117161031023,56.533752,60,0,0
20170102233500506,27.744198,24,0,4
20170109221130179,34.11604,45,1,0
20170117182947982,41.568485,35,0,0
20170110182047993,75.62468,76,1,0
20170114030841465,33.121197,20,1,1
20170110160643892,59.94625,64,1,0
20170117183317229,43.99949,36,0,0
20170110182858189,76.01306,85,1,0
20170117172141491,72.69745,50,0,0
20170117141413713,32.31042,30,1,0
20170117134725446,55.369877,32,0,0
20170117190032456,45.030384,55,0,0
20170117014022812,35.42252,27,1,1
20170117145640546,30.48368,24,0,1
20170117174443279,31.263685,26,1,3
20170116172637915,29.387106,27,1,2
20170119205617887,57.809673,51,0,0
20170117170632910,51.138466,40,0,1
20170115235050649,26.897158,32,1,1
20170111224022146,79.63612,82,0,0
20170112203855123,25.024435,22,1,1
20170119164006043,36.188213,23,0,3
20170117202741735,71.918396,55,1,1
20170111210128898,74.66103,80,0,0
20170104172819875,36.816395,36,0,1
20170104171941730,47.747074,40,0,2
20170117185833850,55.788776,43,0,0
20170116204811619,35.35198,27,0,0
20170111222243901,74.52395,90,0,0
20170117202525511,33.122284,28,0,0
20170103182122389,40.666897,27,0,0
20170112234345639,31.693577,24,1,1
20170119180345268,53.200317,26,0,3
20170119164220254,50.14641,26,0,3
20170117154823449,50.69361,52,0,0
20170104020459348,35.67782,30,1,2
20170117020634195,35.957127,28,0,1
20170114031019426,36.751377,20,1,1
20170117173517533,50.157196,55,1,0
20170117183201893,58.153973,55,0,0
20170110183342670,72.83526,72,1,0
20170112235118232,30.58403,29,1,1
20170110181045529,93.73616,87,1,0
20170104213523774,67.38382,65,0,0
20170110180456347,79.96132,70,1,0
20170104021026844,20.047909,23,1,2
20170109220517890,39.491806,47,1,0
20170120230534443,96.02013,81,1,0
20170117204758881,66.52888,58,1,0
20170117173731439,69.49642,70,0,0
20170112235057871,32.182133,26,1,1
20170116191210967,41.855232,29,1,2
20170110125239994,49.140892,56,1,0
20170117182453919,66.389275,58,0,1
20170111205921074,65.40863,80,0,0
20170104204156747,42.087692,52,0,0
20170110153231658,59.3808,60,1,0
20170111210346308,79.28674,86,0,2
20170115234845837,22.852114,31,1,1
20170117182528940,37.715275,32,1,0
20170103163056975,32.339317,20,1,0
20170109132029072,34.006744,27,1,3
20170112214929038,27.640146,34,0,1
20170119153311735,26.202326,20,1,3
20170104234532883,46.05719,36,1,0
20170104234542547,28.264545,23,1,0
20170104020523491,34.068424,27,1,2
20170112204809364,32.944103,24,1,1
20170111210212331,84.51259,90,0,2
20170104020112732,24.66945,24,0,2
20170110143534851,53.613815,53,1,0
20170117162755515,66.35419,60,0,2
20170117200723805,34.19018,26,0,0
20170117194324750,79.12549,90,0,1
20170116233237768,30.786,40,0,0
20170117204724913,68.56553,65,0,0
20170117143256587,24.622496,30,0,0
20170112204436531,27.491386,23,1,1
20170111181750506,43.33094,52,0,0
20170111210008312,89.94295,90,0,2
20170110154556609,78.49158,80,1,0
20170111210133115,80.81549,72,0,0
20170117140914763,36.344296,39,1,1
20170117145917765,32.599,24,0,4
20170109213135260,24.390879,21,1,0
20170104023119069,55.66366,50,1,2
20170109213459975,28.140667,20,1,0
20170111181750321,20.005161,23,0,0
20170116001928205,47.351494,46,1,1
20170104021815094,31.19716,28,1,2
20170105002530429,29.083345,21,1,2
20170117171827563,41.614025,29,0,0
20170119151444959,34.864418,35,0,3
20170117182526238,66.888504,64,0,1
20170117173616376,71.891396,80,0,0
20170109213850161,28.712774,22,1,0
20170110183953439,56.294376,73,1,0
20170116171610481,27.229078,24,1,2
20170117183301527,36.79167,36,0,0
20170117142901203,37.06854,25,1,0
20170114031519531,30.792437,31,1,1
20170117181001561,62.829792,45,0,0
20170111205531200,79.86423,80,0,0
20170117134947430,22.64682,25,1,0
20170117192213796,73.87525,63,0,0
20170117163844791,39.221157,42,1,1
20170111195732003,38.649605,45,0,1
20170117190847091,49.56338,52,0,0
20170117135521500,45.784103,36,1,3
20170104021504132,41.23729,26,1,0
20170117203213479,43.009663,34,0,0
20170117165731095,65.20746,56,0,0
20170117191627092,55.769154,55,0,0
20170117185137809,45.260487,39,0,2
20170110160644016,69.89748,66,1,0
20170117163236613,58.240524,44,0,1
20170104234454339,21.6439,26,1,3
20170104022004181,46.691425,31,1,2
20170110184037971,74.42965,85,1,1
20170113185456409,77.569786,61,0,0
20170117183249550,51.502617,55,0,0
20170111205915994,94.196495,85,0,0
20170104202054058,43.57766,39,0,4
20170117140137322,24.95591,32,0,4
20170117135621471,43.947742,45,0,0
20170105173619725,74.498764,52,0,0
20170119163006483,29.434395,28,0,3
20170117175043836,61.540432,60,0,1
20170104212837910,68.56628,57,0,0
20170105174941006,89.41035,88,1,0
20170117142745510,35.484535,38,0,1
20170104212531845,68.71285,54,0,4
20170117180900108,33.209915,29,0,0
20170117165650390,62.478016,45,0,1
20170112215403296,65.05602,65,1,1
20170110154535039,65.78599,53,1,0
20170117171834099,64.720474,53,0,3
20170117201446708,35.890263,26,1,4
20170116163545392,29.124353,29,0,2
20170117185950062,82.14961,67,0,1
20170105174813405,82.78982,86,1,2
20170104213241125,70.142136,60,0,0
20170105173303117,56.114964,45,0,2
20170111171747492,46.724487,57,0,0
20170117193437251,33.312393,20,0,4
20170116163742635,24.160767,27,1,2
20170120133824503,29.365551,23,0,1
20170111210520573,52.539192,54,0,0
20170110122130739,48.802193,53,1,0
20170105001517613,70.048836,84,1,4
20170104204657182,52.71338,42,1,2
20170110123555351,64.13625,65,1,0
20170117173834903,61.46297,55,0,0
20170120220934299,40.029305,35,0,0
20170111210559755,90.454926,85,0,0
20170113210126785,38.051193,28,0,0
20170119195808299,45.2079,45,0,3
20170117182852603,43.42952,35,0,0
20170117203834424,43.093197,40,0,4
20170117201436958,42.120243,35,1,4
20170119205650336,69.49204,52,0,3
20170113133956457,26.32848,32,0,1
20170111171747350,42.579693,52,0,0
20170117155845920,47.042873,56,0,0
20170117135741139,32.019024,32,0,1
20170104020224692,22.523558,24,1,2
20170117160554095,48.41816,65,0,0
20170111221952212,73.96271,78,0,0
20170117182743885,52.084976,45,0,0
20170117180516071,29.840317,28,0,0
20170110141251497,64.01367,65,1,0
20170117151555901,29.518475,25,0,3
20170117143139491,73.19078,35,0,1
20170117190730009,79.2773,50,0,3
20170117161042224,57.772392,52,0,0
20170111205938881,89.15224,86,0,0
20170104021544485,26.346117,20,1,2
20170110141055369,68.35357,73,1,0
20170117120759137,42.01848,40,0,0
20170116191916920,55.469406,36,0,2
20170117135025030,73.80722,45,1,0
20170119194752299,36.535816,36,0,0
20170119164157678,28.78765,27,0,3
20170117145726220,30.698225,28,0,0
20170110131759572,64.781395,60,1,0
20170117173104681,68.04192,75,0,0
20170119201833789,56.777225,36,0,3
20170117170523803,46.29487,55,0,0
20170117175619787,44.238167,35,0,0
20170117160748775,64.743416,51,0,0
20170117150020867,41.898006,35,0,0
20170117022217421,28.83051,35,1,1
20170111223752482,89.33103,85,0,0
20170116164401454,27.083319,30,0,2
20170104212017204,51.074993,48,0,0
20170111203905144,62.75953,59,0,0
20170103183615673,69.35568,52,1,0
20170120224714735,84.72664,87,1,0
20170117140220148,48.662014,32,0,1
20170119194719106,31.996677,28,0,3
20170110173744770,84.261345,85,1,0
20170119204438679,57.749966,55,0,3
20170111222241614,84.073235,81,0,0
20170119192728122,42.916073,36,1,3
20170113184515608,62.04435,55,0,0
20170117171936642,68.663506,51,0,0
20170117190644623,73.70507,82,0,4
20170116024927038,30.649061,28,0,3
20170117203256352,50.95678,35,1,0
20170104222305855,28.060984,25,1,3
20170104213607429,71.42969,66,0,0
20170116223010997,36.192547,35,0,0
20170110141616567,55.198895,53,1,0
20170113012346273,33.880764,26,1,1
20170120225608458,94.819016,84,1,2
20170105174832245,80.09849,92,0,2
20170117194911622,66.835,63,0,0
20170109001216009,46.429893,35,0,4
20170110183033556,91.84216,85,1,1
20170110155156093,69.180504,68,1,0
20170119165814423,53.626614,44,0,3
20170110140438240,69.93866,72,1,0
20170110154151795,72.10687,73,1,0
20170104214534021,30.083048,24,1,3
20170104212139332,52.122757,53,0,0
20170119202056149,52.426567,36,0,3
20170111222432817,83.51514,79,0,0
20170117185752122,47.440353,42,0,0
20170117171054325,66.90476,65,0,0
20170117195820069,29.521576,26,0,0
20170117193308276,67.93178,58,0,0
20170117170125010,39.782074,45,0,0
20170117173325952,74.69346,70,0,3
20170110180429816,70.97055,70,1,0
20170117140720825,41.459778,37,0,0
20170117150935786,36.4833,35,0,0
20170117154841208,70.91841,62,0,1
20170116232657066,30.68521,26,1,1
20170113173047312,50.739277,52,0,1
20170112215406775,40.252937,36,1,1
20170104203859666,47.280952,46,0,0
20170117191926691,63.112247,58,0,0
20170110153724776,46.208065,52,1,1
20170104222414918,28.05627,24,1,3
20170110161254894,72.41857,72,1,0
20170117172618723,61.372192,68,0,0
20170112204529987,30.737387,31,1,1
20170112233340647,31.543179,24,1,1
20170117135257534,42.472904,30,1,0
20170110140448378,78.41947,73,1,0
20170117194427746,33.524395,29,0,1
20170117175317465,40.20698,26,1,0
20170113000945786,36.07271,32,1,4
20170117162848739,55.83895,65,0,0
20170112222125722,60.12888,54,0,2
20170117203041312,37.155354,31,1,4
20170104021520301,27.763742,28,1,2
20170117171459684,38.25256,42,0,1
20170110133307879,75.92526,92,1,0
20170110160644001,64.82992,66,1,0
20170104205026100,58.506184,39,1,0
20170112203850233,33.295174,45,1,1
20170103182425185,45.266964,30,1,0
20170104211911013,44.394875,47,0,0
20170117154115861,35.264633,35,1,1
20170117141324807,53.96142,25,0,0
20170104000923085,61.09367,43,0,4
20170110153435061,57.719494,60,1,0
20170105180635542,71.76952,55,0,3
20170119164007795,33.564342,23,0,3
20170119200626788,41.22395,34,0,3
20170103180907920,48.797215,25,1,0
20170119194650194,55.110016,39,0,3
20170111210541562,71.13617,89,0,0
20170117162857355,60.76279,65,0,0
20170110122430900,64.97341,60,1,0
20170113012719329,36.429333,38,1,1
20170117173743345,58.781227,50,0,1
20170117202541845,44.884468,28,1,4
20170117193852875,27.76261,22,0,0
20170117154652529,43.042194,41,0,0
20170104201834738,34.290085,35,0,2
20170104191726270,33.035206,35,0,2
20170111210043449,70.41123,71,0,0
20170119163856511,31.823906,23,0,3
20170104000903445,57.463615,49,0,4
20170117180401255,39.999294,35,0,0
20170117130636837,31.355455,30,0,0
20170117185928552,54.65632,55,0,0
20170117192002666,69.274826,60,0,0
20170104205841436,48.658127,37,0,0
20170117190145954,28.627037,33,0,1
20170117140024639,34.995667,37,1,1
20170110153346047,61.8128,63,1,0
20170117190545195,60.2418,55,0,0
20170109142223564,69.595436,51,1,3
20170116172210197,29.886934,22,0,2
20170112224258484,81.313065,71,0,2
20170117174413373,75.482285,80,0,0
20170111195904169,54.26251,54,0,0
20170116191432618,53.950436,40,0,2
20170110183055235,89.344986,92,1,0
20170110182515404,89.93545,96,1,0
20170104225920241,27.191687,22,0,0
20170117181235740,41.36442,30,0,0
20170117144604250,27.420986,25,0,0
20170111203845708,52.518635,55,0,0
20170104192939143,34.540703,28,1,3
20170117145120563,30.11734,25,1,0
20170119202349909,52.337574,47,0,0
20170120230532540,94.25898,81,1,0
20170104021254429,23.032604,26,1,0
20170110160643547,51.37212,55,1,0
20170110160643876,68.93733,64,1,0
20170119194505019,33.783432,28,0,3
20170117192056602,65.29345,61,0,0
20170110160644048,70.68925,71,1,0
20170117190606570,60.477024,55,0,0
20170111205142071,63.252663,62,0,0
20170110160643923,60.49713,65,1,0
20170117155910858,51.205273,60,0,3
20170117160609295,65.977554,49,1,0
20170117150552500,42.095604,24,1,3
20170117133705952,51.70369,40,0,0
20170117020029793,33.225227,34,0,1
20170109221138733,61.50795,56,1,0
20170120224603295,76.1534,58,0,0
20170117134825736,28.692915,35,0,0
20170117145924419,26.194155,33,0,0
20170117180555824,25.688776,28,0,0
20170113011721570,47.132027,45,1,4
20170117171657481,57.059055,42,0,0
20170113011534310,34.67075,34,1,1
20170103180858952,48.302513,30,1,0
20170112233635032,26.24223,25,1,1
20170103180302079,31.11121,23,0,4
20170111200147932,40.103302,43,0,0
20170117170414776,61.26565,68,0,1
20170103182732026,62.494167,35,1,0
20170113173605450,40.665634,45,0,1
20170117163717545,60.25038,53,0,0
20170113184933016,57.059216,40,0,1
20170117183147982,51.126698,45,0,0
20170109010542295,41.75368,58,0,0
20170117174733520,37.070778,45,0,0
20170111222357343,74.07874,82,0,0
20170117155119604,50.044785,43,1,1
20170110122200303,58.056293,66,1,0
20170117154454831,45.54776,39,1,0
20170120221715677,54.390316,55,0,0
20170111193832899,56.01484,62,0,0
20170120222217575,42.373917,50,0,0
20170117172620391,38.49717,26,0,0
20170104230213449,27.167353,24,0,3
20170117185734922,46.430344,42,0,0
20170117190822714,68.496254,51,0,0
20170113133354400,40.27442,36,0,1
20170117182437361,72.206055,89,0,1
20170117135941266,31.14918,25,1,1
20170117195315175,87.940994,73,0,1
20170117163535860,58.421932,36,0,1
20170109220426712,64.272285,49,1,0
20170120224650587,68.97358,58,0,0
20170117202521375,34.31548,28,0,0
20170117170716995,51.971535,41,0,0
20170113010354991,37.370335,36,1,0
20170117123801917,70.88771,61,1,2
20170113134715664,40.22332,50,0,1
20170117180552033,36.615196,35,0,0
20170110131522551,68.16905,60,1,0
20170117182402092,42.309116,32,0,0
20170103182523314,49.839794,36,1,0
20170113003456314,35.796295,38,1,1
20170117150931275,28.841963,30,1,0
20170116171014589,15.223948,27,1,2
20170116154712959,35.453014,26,1,1
20170117141144856,55.69096,47,0,1
20170120222356456,41.706017,43,0,0
20170113174538178,32.484802,37,0,1
20170117181825165,41.132572,36,0,0
20170120225739329,93.533165,82,1,0
20170103235752276,30.368544,27,0,4
20170111210017033,90.33665,85,0,0
20170117190014098,68.206314,44,1,0
20170116222350690,37.83071,35,0,1
20170112224225939,77.54773,75,0,3
20170117185253753,45.22477,45,0,0
20170117190127107,60.712093,46,0,0
20170110155144403,72.95837,85,1,0
20170110160643204,62.57277,53,1,0
20170112213546077,33.940727,36,0,1
20170117190830626,68.8216,51,1,0
20170117170539486,48.256855,40,0,0
20170104172454139,43.78328,42,0,2
20170111210749134,68.50674,70,0,0
20170117142053066,20.892172,21,0,0
20170112234136775,36.90647,42,1,1
20170104222121713,27.131927,21,1,3
20170117185004664,40.15193,45,0,0
20170117185705145,71.22969,69,0,0
20170105173528685,63.973526,58,0,0
20170117165202100,51.84468,45,0,0
20170104021135333,31.326483,25,0,2
20170120224625496,55.92729,58,0,0
20170117123836138,46.649605,35,0,1
20170117014101849,41.529976,34,0,1
20170117180607705,34.09746,28,0,0
20170117141729225,44.937622,46,0,1
20170111210705162,76.15245,72,0,0
20170104212407239,59.142235,53,0,0
20170117181548404,46.52348,30,1,0
20170113141901691,38.62186,34,0,1
20170110123144558,71.099525,66,1,0
20170119194621194,38.379456,36,0,3
20170119205708991,70.11717,52,0,3
20170104231525073,23.497957,20,1,3
20170103182754641,49.426655,39,1,2
20170117192054194,68.78757,75,0,0
20170116221753436,28.920004,29,1,0
20170104021935245,28.518396,25,1,2
20170117140947335,32.60139,25,0,0
20170119205521664,61.22912,50,0,3
20170110160643422,51.65329,55,1,0
20170111202035978,66.58231,53,0,0
20170113145434605,35.059975,35,0,1
20170113152816239,47.837364,59,0,1
20170117175313606,26.132778,26,1,0
20170103201905647,55.76341,21,1,4
20170117020856429,38.83781,28,0,0
20170110141207224,42.63858,50,1,0
20170103235409988,32.821266,27,0,4
20170110183728036,72.95837,85,1,0
20170113210127529,43.809963,35,0,0
20170117193146273,87.5114,80,1,1
20170117144358667,30.912268,27,1,0
20170104021444541,25.826508,22,1,2
20170111194850581,56.43144,43,0,1
20170119183150981,42.15648,26,0,3
20170117193904073,49.467014,58,0,0
20170111203934092,61.91161,69,0,0
20170110132442352,72.28857,77,1,0
20170110182342530,81.847374,85,1,2
20170110120140583,67.73787,60,1,1
20170111210717906,71.73908,82,0,0
20170111205702505,82.98163,80,0,2
20170117162906228,72.17311,65,0,1
20170110160643688,55.986423,59,1,0
20170117131111201,46.01152,30,1,0
20170119201847821,43.834133,48,0,3
20170113184317135,43.893017,48,0,0
20170117140432386,49.267933,45,1,1
20170119164331517,27.879145,23,0,3
20170104203131804,61.59288,38,0,0
20170110160643970,60.146984,66,1,0
20170119211547537,84.36983,58,0,3
20170113190540449,46.641823,38,0,1
20170113173551387,41.552486,52,0,1
20170117164220595,52.00122,35,0,1
20170116193554465,65.540344,68,0,2
20170110141221528,81.34703,93,1,0
20170111205423680,65.90263,80,0,1
20170117190657761,50.49381,50,0,0
20170117175453472,54.355537,45,0,3
20170116235848610,51.82897,35,0,1
20170117163349597,44.310394,36,0,0
20170117185738076,52.320484,42,0,0
20170117202712541,35.9411,29,0,4
20170112234052856,27.382504,23,1,1
20170104204257115,48.23805,43,0,0
20170117175333441,38.387962,28,1,0
20170110183134095,85.29652,85,1,0
20170119204012575,77.46456,60,1,3
20170117194632791,75.095055,71,1,1
20170117155023824,49.80522,43,0,0
20170112213021902,43.29887,30,1,1
20170104020244348,24.134336,24,1,2
20170117141846901,58.498085,45,0,1
20170119155845146,32.51814,30,0,3
20170117203301774,46.003197,45,0,4
20170117171750643,33.280075,26,0,0
20170111203953539,59.189598,62,0,2
20170113012217433,48.63464,32,1,1
20170120133921719,31.917208,28,0,0
20170117190844398,55.69714,52,0,0
20170103223940759,48.965748,24,1,4
20170104020928085,25.963037,31,1,2
20170117173225496,66.073715,70,0,0
20170117180244078,38.447266,40,0,0
20170104212507413,58.443737,54,0,0
20170109220540006,50.4687,45,1,0
20170119194827491,45.706078,47,0,3
20170113174947234,50.111244,58,0,1
20170103183702714,65.12719,53,1,0
20170104202221514,37.3511,32,0,0
20170117183326086,45.24525,36,1,0
20170103163625630,56.33891,52,1,0
20170113195640844,31.521997,32,0,1
20170117194006047,73.76239,58,1,1
20170109220559770,48.961605,48,1,1
20170119205155167,47.632267,47,0,3
20170119210114392,71.303185,54,0,3
20170104213653518,77.32498,73,0,0
20170104002132109,60.394863,47,0,4
20170120221409269,48.663654,50,0,0
20170117143202320,55.268448,35,0,1
20170117193913647,65.20812,58,0,0
20170117181327196,34.034256,30,1,3
20170117144004185,31.308208,30,0,0
20170110141408280,64.6726,60,1,0
20170104000748917,47.223812,37,0,4
20170104020318141,27.645432,23,1,2
20170110183406830,90.40423,90,1,0
20170105172611117,44.24032,36,0,0
20170104202016610,36.54432,45,0,4
20170117194314062,34.460396,23,1,4
20170120230401803,87.322014,88,1,0
20170119194717603,38.428375,37,0,3
20170116182206717,39.038593,29,0,2
20170103230259201,37.994354,32,1,4
20170117160528648,87.594154,58,0,1
20170104021940541,37.91369,22,1,2
20170113005333198,26.82181,28,1,1
20170117182746110,40.066154,34,0,0
20170119212053665,98.09706,100,1,0
20170103181439968,34.887802,26,1,1
20170116213558934,24.46617,30,0,1
20170117135648206,41.379593,45,0,0
20170117135034534,39.48738,22,0,0
20170117181545532,31.486412,30,1,0
20170117175641921,57.856335,39,1,0
20170117104607288,44.213055,35,0,1
20170111222700442,82.679535,86,0,0
20170113155448498,58.098904,38,0,1
20170117141758139,46.810818,54,1,1
20170116220531686,27.17965,28,0,4
20170104021424381,26.021774,25,0,2
20170117171650744,51.029625,36,0,0
20170117140230056,41.23125,32,0,0
20170117143424561,33.242035,30,0,0
20170119193149977,31.96283,26,1,3
20170117173346286,55.08452,47,0,1
20170105173021381,39.78917,43,1,0
20170111210240036,89.754425,82,0,1
20170104202114602,39.33633,29,0,1
20170111205019096,60.872288,58,0,0
20170117145110401,30.425209,35,1,0
20170117202544912,37.366756,28,1,4
20170104204347174,48.90311,39,0,0
20170119205632903,68.17947,51,1,0
20170117150737098,27.948715,24,1,4
20170117182731575,36.42992,34,0,0
20170110140456209,69.61249,66,1,0
20170117104624750,55.865295,37,0,1
20170111171747294,50.64973,50,0,0
20170117201843503,52.32795,26,1,2
20170110181107549,78.27779,78,1,0
20170117173409188,65.749405,51,0,1
20170111205830721,83.393936,85,0,0
20170110141835631,75.209404,69,1,0
20170110160644032,64.0915,68,1,0
20170111222408207,80.032104,77,0,0
20170110181956588,79.16099,85,1,0
20170120221059452,39.2656,35,0,0
20170117174131505,66.35753,68,0,0
20170110125344328,65.86951,68,1,0
20170104212216588,61.01686,51,1,2
20170117171624306,80.76343,65,0,0
20170104213140733,70.690834,54,0,0
20170110160643391,65.81798,55,1,0
20170110141704735,47.763626,57,1,0
20170110172637082,94.1724,96,1,0
20170117163541966,55.346813,36,0,0
20170119200236372,35.818325,32,0,3
20170119205156254,53.013756,47,0,3
20170117203121712,35.97584,32,1,4
20170119195739498,39.857464,50,0,3
20170111204505433,66.05781,62,0,0
20170117171247961,51.78353,57,0,1
20170117180322086,36.772987,28,1,0
20170112234451680,31.989607,27,1,1
20170120222949154,55.797184,57,0,0
20170117182212741,46.373604,45,0,0
20170113000500356,36.817097,31,1,1
20170111204015410,61.381523,65,0,0
20170117142732651,46.027996,42,0,4
20170117172021611,27.616854,26,0,0
20170104020820934,24.617529,20,1,2
20170117180725353,36.31286,29,0,0
20170111211411216,88.701035,90,0,2
20170120222921386,63.871765,52,0,1
20170117022426014,42.520195,29,0,3
20170117144545593,27.53267,23,0,0
20170117203820721,41.73281,40,0,0
20170116003320107,40.67649,25,1,1
20170117175439914,67.44726,42,0,3
20170117163738348,58.93433,65,0,0
20170117184650128,40.942265,38,0,1
20170117203039631,40.630535,31,1,4
20170117164034574,55.849564,37,0,1
20170116193431300,69.72225,54,0,2
20170112211810813,30.320633,28,0,1
20170117143123552,29.424551,30,1,0
20170113155301388,36.756615,28,0,1
20170117175120965,67.79143,61,1,0
20170117140108503,52.194145,37,0,4
20170117141055697,30.49046,30,1,2
20170114032018810,23.543444,21,0,1
20170117134213422,28.675285,20,0,0
20170117183835889,72.16599,62,1,1
20170117020018932,37.030453,34,0,1
20170117144411849,35.032993,30,0,0
20170112233701320,22.910654,22,1,1
20170117163713738,63.09928,53,1,0
20170117181851709,42.308212,36,0,0
20170117170928114,44.43822,45,0,0
20170112224024582,90.15478,82,0,2
20170117172020917,61.505684,45,0,1
20170117172444338,69.25075,70,1,0
20170117145132068,28.00643,23,1,0
20170117135302098,52.90431,55,0,0
20170117173638281,62.37559,56,0,0
20170117164023113,44.489037,50,1,1
20170117171820798,55.88955,43,0,1
20170117135644544,49.265694,44,0,0
20170117185746790,70.64965,61,0,0
20170112214906872,37.52041,45,0,2
20170117185856051,44.30202,43,0,0
20170112231854926,24.396725,21,1,1
20170117131145761,51.3926,31,1,0
20170112231342878,29.274488,24,1,1
20170113145729669,24.05582,21,0,1
20170112203832467,22.77937,22,1,1
20170113010444517,37.306885,40,1,1
20170112235132967,27.72079,25,1,0
20170113132617968,23.754496,25,0,1
20170117182749686,43.39942,34,0,0
20170117185815162,66.70073,46,0,1
20170117173644159,62.633335,70,0,0
20170117134857915,42.204876,34,0,0
20170117202408999,35.664894,28,0,0
20170117194240867,32.797005,23,1,4
20170120224023991,72.471504,65,0,0
20170117182333220,49.615284,45,0,1
20170120221126908,50.422348,45,1,0
20170120230348881,82.99691,78,1,0
20170116191436037,48.135735,40,0,2
20170117175416532,87.90087,90,0,0
20170117132538273,37.977283,30,0,0
20170117150615516,31.843374,24,1,4
20170117204026648,63.04915,43,1,4
20170114024652649,27.211466,23,1,1
20170117175609824,41.744877,36,0,0
20170120225257592,81.71381,93,1,0
20170117202401886,32.51566,28,0,0
20170120221835349,49.34032,65,0,0
20170120224549744,63.216743,58,0,0
20170120225040473,66.83228,59,0,0
20170120223836366,69.91005,62,0,0
20170120133800998,28.041386,22,1,0
20170119204549750,57.3811,55,0,3
20170120225116936,70.00503,70,0,1
20170119195506419,28.71091,36,0,3
20170119202312469,54.35825,37,0,3
20170120225757530,91.278175,85,1,0
20170119153018897,26.382534,25,0,3
20170119193409372,43.342934,37,1,3
20170119164211892,39.851303,33,0,3
20170120222849329,60.13682,56,0,0
20170119163324557,37.623432,22,1,3
20170119195643531,46.00522,45,0,3
20170120134248646,33.919205,30,0,0
20170119205546104,60.15261,50,0,3
20170119195452698,35.37108,36,0,3
20170120230055728,70.07952,74,0,0
20170119163800509,29.944752,42,1,3
20170119171739135,51.466022,29,0,3
20170120222811411,63.945236,64,0,0
20170119155741576,24.629808,21,1,3
20170120225831522,84.44615,90,1,0
20170120222729424,71.17825,60,0,1
20170119201337652,45.834248,35,0,3
20170120230523930,89.89749,78,1,0
20170119193139994,24.628061,26,1,3
20170119165648839,52.831673,44,0,3
20170119205511952,65.041306,55,0,3
20170120230355596,96.08141,83,1,0
20170120230257434,94.881386,84,1,0
20170119171104024,28.615486,24,1,3
20170119171135792,21.30435,25,0,0
20170119210125311,59.09204,54,0,3
20170119200810940,41.10379,34,0,0
20170119192438322,29.788055,26,0,3
20170120222607969,56.3418,54,0,0
20170120230149594,91.63505,95,1,0
20170120224704201,71.408516,64,0,0
20170120230116817,88.410126,85,1,0
20170120222516888,50.393867,58,0,0
20170119211953569,68.54373,63,0,3
20170120133837030,92.09139,99,1,0
20170120225631818,73.38025,70,0,0
20170120222838627,68.40036,56,0,1
20170119194712751,33.446068,35,0,3
20170120134009260,44.27328,48,0,0
20170119195210483,41.46236,44,0,3
20170119171541497,41.8658,41,0,3
20170120230456826,95.43113,83,1,0
20170119200318588,36.31592,32,0,3
20170119204709807,59.222507,50,0,3
20170120221856526,57.81045,55,0,0
20170120225014112,96.14962,84,1,0
20170119201824085,52.93204,36,0,3
20170119194600707,45.989185,39,0,3
20170120220526706,36.36435,32,1,1
20170120230414826,92.04859,89,1,1
20170119155737580,29.006691,21,1,3
20170119204551990,54.834743,43,0,3
20170119192844345,27.461943,26,1,3
20170120230246475,92.50335,84,1,0
20170119164542581,30.657257,23,1,3
20170120222602009,56.846245,53,0,0
20170119205627558,63.01581,51,0,3
20170120230224530,86.50949,83,1,0
20170119183738087,39.92081,36,0,3
20170119195104372,33.51243,28,1,3
20170119163226214,24.84382,27,1,0
20170119180330108,38.229954,26,0,3
20170119200804204,54.88242,45,0,3
20170119210113528,62.578724,54,0,3
20170119195054803,34.778614,28,1,3
20170119150216454,22.682585,21,0,3
20170117203828719,43.971287,35,1,4
20170105173447996,69.98026,57,0,0
20170117203225383,42.509594,45,0,0
20170114031355312,26.457674,22,1,1
20170117195329446,69.21723,58,0,1
20170117194736477,83.327484,91,0,1
20170109221057047,32.209743,52,1,0
20170112234152465,31.868942,28,1,1
20170103180443960,53.09243,49,1,0
20170117203502182,61.850418,36,0,4
20170103182902892,46.469658,36,1,0
20170113185339857,55.632965,58,0,0
20170110182918046,70.07731,85,1,0
20170113184901806,59.723984,69,0,1
20170117203123744,47.62335,32,1,4
20170117134930254,47.385944,34,1,0
20170117170832874,38.470257,30,1,1
20170117204427774,61.158535,54,0,4
20170117193748045,27.111694,21,1,0
20170119205302120,47.606117,48,0,0
20170116193425715,67.04426,64,0,2
20170110175723033,91.34237,85,1,2
20170117203009657,36.78334,30,1,4
20170120225304313,93.74418,93,1,0
20170113184836584,53.191666,55,0,0
20170117135556303,55.30084,55,0,0
20170116171651433,23.221464,27,1,2
20170112235125873,31.02014,29,1,1
20170110124127878,64.033485,70,1,0
20170112231645231,29.140734,26,1,1
20170111202756116,66.53651,75,0,3
20170110182930160,80.68168,89,1,2
20170117154810113,50.179504,42,0,0
20170104230231577,34.063305,27,0,3
20170110122856556,64.02131,70,1,0
20170104020903060,36.281536,25,1,2
20170117143720305,25.526356,22,1,3
20170112234515247,38.424763,32,1,1
20170110141826799,46.963264,60,1,0
20170103163127424,27.247335,24,1,0
20170117142653808,24.432394,21,1,0
20170117174352558,41.59402,26,1,3
20170109004623215,41.73712,31,0,0
20170111210252274,78.78304,90,0,3
20170112234238832,33.731434,27,1,1
20170117134903926,33.811672,34,0,3
20170117172624038,32.156204,26,0,0
20170119164419982,31.7758,23,1,3
20170104200459608,30.192421,40,0,4
20170117140942783,28.73567,22,0,0
20170119183959989,50.704746,30,0,2
20170104202315035,51.165974,54,0,3
20170112235121616,40.60661,35,1,1
20170104201002201,48.097736,40,0,0
20170116221815459,26.57544,23,1,0
20170110182543266,78.38499,75,1,0
20170117014034055,51.836887,37,1,1
20170111201030222,65.23035,65,0,0
20170105165028532,34.991215,33,0,0
20170109220421978,62.600513,49,1,0
20170113012151936,45.366566,58,1,1
20170117191832603,66.5482,66,0,0
20170114031500330,23.349514,21,1,1
20170117202304407,31.939756,28,0,4
20170103234745028,30.993477,20,0,2
20170117182436373,41.615726,45,0,0
20170110180500719,78.19932,75,1,0
20170110122243471,58.73011,54,1,0
20170119192352369,31.986782,26,0,3
20170117020834578,47.601723,48,0,1
20170111195225616,57.136402,58,0,0
20170117180857403,32.36184,29,0,0
20170119204228535,43.31737,41,0,3
20170117190736258,72.68391,55,1,0
20170104005431327,35.921158,22,1,4
20170109013439834,76.23228,60,0,0
20170110160643297,54.902546,53,1,0
20170113184346534,56.46446,50,0,1
20170117145105755,21.332695,23,1,0
20170109140717487,44.08205,35,0,3
20170111201143803,70.14389,56,0,0
20170119204347415,46.58015,50,0,3
20170116004652226,44.93441,31,0,1
20170117182929156,40.05566,45,0,0
20170104201938890,36.18324,31,0,0
20170119165656526,33.076893,24,0,2
20170117183111094,46.7247,36,0,0
20170104023125269,63.361805,55,0,2
20170117185946850,65.47975,55,1,0
20170117150815148,33.732323,24,1,0
20170111201216588,57.29405,54,0,0
20170111201135454,57.474327,52,0,0
20170117204117178,61.06213,45,0,1
20170117145945091,30.894175,24,0,3
20170104021322853,25.1144,22,0,2
20170104021242700,38.689896,25,1,0
20170105172906549,51.551853,40,0,0
20170105172613829,39.973324,36,0,0
20170113003552730,26.423145,30,1,1
20170110160643282,55.39884,53,1,0
20170104200830216,32.61157,26,0,0
20170112215250704,62.06104,46,1,1
20170117180735041,42.63095,35,0,0
20170104213529213,70.50353,63,0,0
20170113012828731,38.521694,50,1,1
20170109012405234,52.052235,48,0,0
20170109002937845,32.534927,28,0,4
20170111195455240,49.956596,52,0,0
20170117174144110,38.662342,26,1,0
20170119180446828,31.870317,26,0,3
20170117160756480,56.18144,51,0,0
20170111210314652,79.71627,85,0,1
20170116172925949,28.262114,30,0,2
20170112235250049,40.534058,26,1,1
20170113005606791,32.890102,32,1,1
20170110154654768,48.145958,50,1,0
20170104202337592,37.859818,37,0,0
20170104011358104,52.84476,37,0,0
20170110143306064,75.16372,71,1,0
20170110125310561,68.35357,77,1,0
20170109002737188,47.712875,43,0,0
20170103181931657,40.18342,26,1,1
20170117154520771,47.341198,40,0,0
20170117190825002,35.21693,51,0,0
20170104222509455,26.55906,25,1,3
20170117185746842,27.104006,35,0,0
20170117154505308,46.312298,40,0,0
20170117164520983,44.32533,27,0,1
20170112234558855,21.287596,24,1,1
20170103201741359,20.67027,21,1,2
20170117173441980,76.95989,61,1,1
20170116192518885,56.551445,39,0,2
20170113190804729,71.714485,65,0,0
20170117182811973,46.832664,45,0,0
20170117190140770,56.88533,50,0,0
20170111210122757,78.96625,76,0,0
20170116231251529,45.953674,28,1,1
20170117185957338,60.50284,55,0,0
20170117141036153,37.145107,26,1,2
20170120230341067,77.32327,88,0,0
20170117190820026,67.320435,51,0,0
20170110175340308,73.3422,72,1,0
20170117195024577,79.56315,63,0,0
20170117173759783,61.00168,80,0,0
20170110131753196,72.97321,79,1,0
20170117150521764,26.511538,24,1,4
20170104212131403,66.52748,56,0,0
20170110181603235,47.310257,76,1,1
20170119164552438,25.884254,23,1,3
20170117143909681,22.308514,25,1,0
20170104021231011,30.985428,31,0,2
20170119164313321,27.817202,23,0,3
20170117180723706,45.486847,28,1,0
20161223214823880,30.449263,21,0,4
20170110183506044,68.973,85,1,3
20170117194609172,75.73908,61,0,1
20170111210612356,84.96348,82,0,2
20170111210217828,84.71374,82,0,0
20170110131856737,72.2467,62,1,0
20170119205909616,62.96079,60,0,3
20170103183831466,68.2751,50,1,0
20170110140759145,66.31921,62,1,0
20170117130110004,42.961796,35,0,1
20170117120646100,40.913296,27,1,0
20170105172620093,49.631256,36,0,1
20170113150854335,25.128248,23,0,1
20170110160643751,54.01397,62,1,0
20170110124140071,61.816753,60,1,0
20170109220746274,59.688103,53,1,0
20170111222257902,77.221535,78,0,0
20170117181818036,42.941833,45,0,0
20170113005740542,60.64559,60,1,1
20170120224648431,71.10517,62,0,0
20170111221751463,82.02305,73,0,0
20170117185207623,57.035744,50,1,3
20170113142149603,52.5942,50,0,1
20170104172639340,30.164774,28,1,0
20170120223727206,63.24501,55,0,0
20170112234505777,31.295357,24,1,1
20170110182935621,83.790085,76,1,2
20170119195100723,29.11934,28,1,3
20170117142529474,34.319603,21,1,0
20170117190816460,68.34265,51,0,1
20170117181203308,49.86951,35,0,1
20170117180655625,33.307507,40,1,0
20170110175823500,81.470055,92,1,2
20170103180959080,36.039368,26,0,1
20170117154230213,55.3516,35,1,1
20170119162746691,34.604355,22,0,3
20170117180519102,34.085167,28,0,0
20170117140655657,51.00985,45,0,0
20170110182955408,64.445206,72,1,0
20170117182408963,39.33367,32,0,1
20170112204730931,34.01026,24,0,1
20170103182824970,51.982857,49,0,0
20170104165424576,30.278976,26,0,4
20170119194808322,33.319702,28,0,3
20170119155508987,27.952284,31,1,3
20170119171505271,41.284477,35,0,3
20170119211523632,62.437317,58,0,3
20170111201419254,64.50043,70,0,0
20170110182426286,91.72863,90,1,0
20170104201116162,41.51329,41,0,3
20170110123807882,53.0523,52,1,0
20170110153837637,52.122787,56,1,0
20170111193821219,58.8373,67,0,0
20170110183446677,83.078606,89,1,0
20170119194525986,40.52965,45,0,3
20170120223715854,72.89799,55,0,0
20170111205855178,72.21377,68,0,0
20170117182517677,61.259438,45,1,0
20170111202232554,69.743256,75,0,0
20170117175502596,74.86712,70,0,0
20170119155105218,41.2642,28,0,0
20170110154540002,84.338455,80,1,0
20170119194725939,34.879856,28,0,3
20170117150925811,32.18028,27,1,0
20170119155605098,29.984362,21,1,3
20170111210701342,65.88071,78,0,1
20170111210408610,78.6259,85,0,0
20170120223641413,81.121284,85,1,0
20170120221455142,63.4575,50,0,0
20170110153425759,74.085205,69,1,0
20170104015801932,24.389824,26,0,2
20170117171503046,51.339264,42,0,1
20170111210813495,80.26884,79,0,0
20170119155639573,23.435854,26,1,3
20170103201716816,23.887226,20,1,0
20170117165348576,79.68919,65,0,1
20170116222831261,38.09336,34,1,1
20170109003634534,49.55883,36,0,0
20170110183018880,75.45191,65,1,0
20170117144618155,22.560513,23,0,0
20170117173919384,79.90263,80,0,0
20170116193548368,81.64008,68,0,2
20170104235611258,49.27224,32,1,0
20170104231657849,24.50904,22,1,3
20170119201729135,36.64958,45,0,3
20170117182413598,67.62332,64,0,1
20170104021527253,26.78062,24,1,0
20170110141247761,78.41947,75,1,0
20170111194750534,67.97305,55,0,0
20170105173752749,87.73297,73,0,0
20170117163702203,59.203835,53,1,0
20170114032935025,38.441784,28,0,1
20170111210049339,83.0733,75,0,1
20170117135443579,60.34712,31,0,1
20170104201322098,31.138136,29,0,0
20170110152849848,40.395874,52,1,0
20170110131747399,64.73274,76,1,0
20170117183258406,43.12943,36,0,0
20170110141150729,66.381874,68,1,0
20170117153817367,40.385883,43,0,0
20170111201425519,68.120346,54,0,0
20170110160643829,64.98425,62,1,0
20170110143529881,73.243706,68,1,0
20170111205957066,94.781105,85,0,0
20170119163211532,23.484756,22,1,3
20170117193004258,26.265228,25,0,4
20170104231631625,28.016062,21,1,3
20170104020725236,29.564577,20,1,2
20170111221639268,85.38559,90,1,2
20170111200849717,66.71196,62,0,0
20170103181817489,48.317757,36,1,0
20170114024549242,24.580988,23,0,2
20170120222250991,73.20183,60,0,0
20170117154452143,45.826363,39,1,0
20170117202606048,57.631115,28,1,4
20170113175755885,73.39369,67,0,1
20170117174830232,23.875565,35,1,0
20170104211855508,62.503807,59,0,0
20170113134747002,34.11741,35,0,1
20170110124135439,42.452614,53,1,0
20170117154809285,47.304104,42,0,0
20170112212046598,31.388033,30,1,1
20170117202958949,44.54924,45,0,4
20170111210105923,77.05271,78,0,0
20170117150911661,26.061329,24,1,0
20170109150950547,75.31982,63,1,0
20170110122250867,69.81084,70,1,0
20170111193827549,60.366837,63,0,0
20170110183050254,79.88835,88,1,0
20170120220130530,35.398113,28,0,3
20170117203232496,45.390858,34,0,4
20170117132531670,37.92046,35,0,4
20170103234750663,27.983221,20,1,2
20170117134919191,40.712643,23,0,0
20170111201959926,91.347305,79,1,0
20170117022253411,35.757942,26,1,1
20170113012354401,49.096188,42,1,1
20170110141039449,64.21601,62,1,0
20170110183118502,89.30501,88,1,1
20170110153733573,61.77191,72,1,0
20170117192351268,89.087296,85,0,0
20170117182301037,37.60512,32,0,0
20170117193425610,72.92296,78,0,1
20170117180714552,38.7781,28,1,0
20170117134906136,28.144957,30,0,2
20170110183520442,79.63365,85,1,0
20170116221122729,46.232483,32,0,2
20170113010415255,30.728125,35,1,1
20170117013828981,29.90468,27,1,1
20170117202546775,42.32484,28,1,4
20170117190455571,59.494804,39,1,0
20170109213016635,21.89509,20,1,0
20170110140600243,73.37532,81,1,0
20170117182908711,46.52287,40,0,0
20170104000913421,46.851414,45,0,0
20170111210338948,85.9773,90,0,0
20170120222858570,63.895947,51,0,0
20170117173315296,66.936356,58,0,0
20170120222544769,73.9017,47,0,0
20170117175511939,80.73838,90,0,0
20170111211354288,69.58201,85,0,1
20170104200945656,58.809517,36,1,0
20170112235112993,35.17675,29,1,1
20170117171932498,30.243412,26,0,0
20170117180132412,37.446594,45,0,0
20170117175349504,35.72383,27,0,0
20170117142341545,30.066387,21,1,0
20170112234331591,43.400597,23,1,0
20170119153452146,32.809532,26,1,3
20170104181513925,42.877773,42,0,0
20170104021310052,27.866262,22,1,2
20170111210350530,72.85873,90,0,1
20170110140422693,69.54515,66,1,0
20170116224149881,32.61876,39,1,1
20170104015722028,26.671099,20,1,2
20170111205626183,84.52371,80,0,0
20170116223029775,31.581299,27,1,1
20170117175529999,54.900486,55,0,0
20170109214656355,26.226112,21,1,0
20170116222120436,31.36145,30,0,0
20170103180152583,19.5638,22,0,0
20170116164921650,26.253065,29,0,0
20170117134702038,40.648174,40,0,0
20170120225733929,92.1158,85,1,0
20170117141002911,30.691063,20,0,0
20170110180540639,79.426186,62,1,0
20170111205052872,77.158005,75,0,0
20170117143933875,27.310732,30,1,0
20170117193725542,31.82171,21,1,4
20170110182536477,88.32717,90,1,0
20170112211822909,34.501297,28,0,1
20170117202910591,38.83202,30,0,1
20170110183708997,90.21611,90,1,2
20170120221319813,53.38556,45,0,3
20170111210736421,74.09902,85,0,0
20170113151518431,33.468906,32,0,1
20170117143942122,23.589256,25,1,0
20170109013457906,66.096016,60,0,0
20170111201757951,54.36213,58,0,0
20170117172035787,30.266123,26,0,0
20170111203805430,63.899223,61,0,2
20170119205629231,60.286224,51,0,3
20170117192047033,37.89268,35,1,0
20170117141108233,26.473053,20,1,3
20170110120952264,80.2265,67,1,0
20170120224018686,74.92686,58,0,0
20170110160644079,64.793594,73,1,0
20170117182747501,36.097824,34,0,0
20170104202003656,25.935226,31,0,0
20170104020655188,25.10782,25,1,2
20170110140328613,66.87356,71,1,0
20170112224332508,86.93115,61,0,2
20170116221850018,38.74153,28,1,0
20170117164753761,27.4152,31,1,0
20170112213654111,33.30884,28,1,1
20170117172054412,59.308315,67,0,1
20170113012524543,29.144894,28,1,1
20170113001021322,40.697163,27,1,1
20170117182725979,51.39576,45,0,0
20170104205021796,61.246597,40,1,0
20170117154304986,52.152897,41,0,1
20170117142655442,42.531845,42,0,1
20170111204719687,73.65489,60,0,0
20170120225206184,78.52692,67,0,0
20170114032058290,24.05582,21,0,1
20170110182531150,86.08404,95,1,2
20170117154612191,51.001484,40,0,0
20170117174903919,50.171738,56,0,0
20170117150919860,35.592117,27,1,0
20170117021357609,33.70178,28,0,1
20170103163718321,50.58551,25,1,0
20170113183140758,33.43782,32,0,1
20170109220459927,61.87949,50,1,0
20170117134846646,34.28116,35,1,0
20170117203108807,39.015884,32,0,4
20170111171747595,54.876297,62,0,0
20170110183125200,68.35357,68,1,0
20170103201807368,39.525623,20,1,4
20170109220443515,57.352383,55,1,0
20170110141340224,51.717026,54,1,0
20170109220434368,42.88467,49,1,0
20170111211153326,77.773834,84,0,0
20170112224151627,72.56638,60,0,0
20170104201726242,35.019028,31,0,0
20170117135518125,34.635,38,0,0
20170117170545162,45.82838,40,0,1
20170119202640517,43.54399,38,0,3
20170113210318996,82.14961,54,0,0
20170114025247512,21.856617,22,1,1
20170119204418614,42.682228,50,0,3
20170110143321085,68.34661,66,1,0
20170103201524479,36.677525,22,0,4
20170120222221343,49.59112,55,0,0
20170116235455068,31.056858,40,0,0
20170110160644158,76.947845,84,1,0
20170117171523132,84.50459,70,1,1
20170110154617064,64.35073,60,1,0
20170119201515853,46.406902,49,1,3
20170117172015693,60.4556,47,0,1
20170104020041910,23.621546,22,0,2
20170111201804638,61.191605,53,0,0
20170117160020104,64.65663,60,0,0
20170111205635250,72.94438,75,0,0
20170117180137421,37.10801,28,0,0
20170116190127787,42.19306,28,1,2
20170104020339110,32.569435,25,1,2
20170113011244319,36.58214,40,1,1
20170109140727630,35.34504,31,1,3
20170117194524762,28.785847,24,0,0
20170104201954962,30.042097,34,0,4
20170117160753918,64.41495,51,0,0
20170117172222445,35.278717,26,0,0
20170119164028527,32.23515,23,0,3
20170117141818577,38.263805,30,0,2
20170117192953555,81.24448,84,0,1
20170110131902685,68.59913,66,1,0
20170111222418306,71.73908,90,0,0
20170117183106982,60.2854,55,1,0
20170110122303534,76.258705,75,1,0
20170111204808623,74.782074,75,0,0
20170117175344913,24.939642,26,1,0
20170111204905982,78.976,65,0,0
20170117135334839,61.90918,50,0,0
20170110141129145,64.08834,73,1,0
20170117022327672,48.452938,40,1,1
20170120225714392,86.3804,74,0,0
20170117202427928,36.80201,28,0,4
20170102233225196,28.75091,21,0,0
20170110180453423,63.0185,72,1,0
20170117203639423,26.056376,30,1,0
20170117195022504,72.93567,63,0,0
20170109220855652,60.18718,49,1,0
20170120225317689,88.82979,90,1,0
20170117145129099,38.100014,30,1,0
20170117185340114,43.302708,41,0,0
20170117204021688,41.739872,43,1,4
20170110141538799,59.08272,59,1,0
20170104021209963,39.722145,30,0,2
20170117143253063,43.021812,45,0,1
20170111201139891,52.65115,53,0,0
20170119163841604,21.784248,23,0,3
20170117173404026,75.91644,50,0,1
20170109013159809,60.28247,59,0,0
20170103183440186,58.68645,47,0,0
20170116223809912,36.322052,25,0,0
20170111210257547,63.087418,65,0,0
20170110180546671,73.77,62,1,0
20170117135640172,42.352573,40,0,1
20170119205814303,59.624252,65,0,2
20170111204710125,76.215195,62,0,1
20170110132559859,64.88122,65,1,0
20170103230431017,45.07412,36,0,4
20170119195104970,30.67141,28,1,3
20170103183246362,61.17772,42,1,0
20170104020703028,34.582535,26,1,2
20170119155839538,32.549843,26,0,3
20170117120442763,38.243404,35,0,0
20170104020818270,30.074602,24,1,2
20170112204648604,42.224037,24,1,1
20170110160643720,55.99756,60,1,0
20170117202351839,31.042168,28,0,1
20170110143400936,71.270325,50,1,0
20170112191255227,24.540058,20,1,1
20170104021300885,28.61122,24,1,2
20170117172025987,34.17105,35,0,0
20170109220607828,68.13844,56,1,0
20170117173746334,57.148083,75,0,0
20170116223827511,25.655869,25,1,0
20170117014054215,54.60813,34,0,1
20170117164030406,46.74518,26,1,0
20170111204722982,76.36226,75,0,0
20170119163838933,30.71189,23,0,3
20170104000716333,34.379116,32,0,4
20170117144622811,30.072023,23,0,0
20170111205047952,67.4585,75,0,4
20170111210057456,93.7488,90,0,0
20170104020029454,25.774137,24,0,2
20170117183540925,50.47002,55,0,1
20170112202834858,27.30612,22,1,1
20170120225836610,75.628815,81,1,0
20170117163412132,37.938248,36,0,1
20170104201035977,29.488642,32,0,0
20170113012852120,55.92049,59,1,1
20170112213303693,94.32126,100,1,0
20170117180249950,55.5361,55,0,1
20170104020216916,22.618677,22,1,2
20170117203355296,53.189266,50,1,4
20170117143902329,35.65641,30,1,0
20170110140658706,72.95837,84,1,0
20170117135809096,41.189747,46,0,0
20170117182629797,31.643948,34,0,0
20170119164553534,26.889053,23,1,3
20170117181433644,53.561733,45,1,0
20170104213232283,64.01948,58,0,0
20170109132534202,32.109432,24,1,3
20170117172944233,71.891396,80,0,0
20170117204252600,68.346794,53,0,4
20170117203105065,39.360725,32,0,4
20170116192551178,53.03025,42,0,2
20170117134908039,43.23744,34,0,0
20170117134913196,45.532074,34,0,0
20170104212824964,65.812904,59,0,3
20170120220720314,49.65272,35,0,0
20170117143946804,38.79114,25,1,0
20170117182703981,47.712177,45,0,0
20170110141422320,42.301983,50,1,0
20170104022951446,34.249924,33,1,2
20170117202828582,43.145153,30,0,1
20170117020023943,58.088806,34,0,1
20170117185753668,53.313507,42,0,0
20170119204538302,63.435936,50,0,3
20170119211627367,62.416622,58,0,3
20170117005920398,44.016853,38,0,1
20170111210445676,81.55814,85,0,0
20170110140651218,56.281372,60,1,0
20170114032251671,32.752678,22,0,1
20170117151527396,28.165897,35,0,1
20170120222743386,54.684208,50,0,0
20170110131514547,74.87518,64,1,0
20170111204518142,62.235847,56,0,0
20170117172452375,52.64771,27,0,1
20170117120612576,40.645866,37,0,0
20170110160644063,68.30739,72,1,0
20170111205031079,58.22326,53,0,0
20170113001234883,30.777393,28,1,0
20170117172237604,72.21144,59,0,4
20170110182028892,86.88922,85,1,0
20170110154604352,53.93783,53,1,0
20170109132341425,28.711914,29,1,0
20170120225240993,78.64419,78,0,0
20170117163203851,44.330036,36,0,1
20170111210516589,84.45223,90,0,0
20170117191819572,66.201706,65,0,0
20170117180427607,26.517597,28,0,0
20170117161010863,75.05747,52,0,0
20170117161058646,61.431046,52,1,0
20170120230432160,95.32867,78,1,0
20170110154249092,66.120804,80,1,0
20170112215137928,56.168797,36,1,1
20170104020934116,32.827934,26,1,2
20170113001049181,31.088373,36,1,1
20170111205324096,78.56925,59,0,0
20170113135238738,39.207886,26,0,1
20170117182640204,44.82408,34,0,1
20170105173129526,64.009094,56,0,0
20170117180506408,37.11989,28,0,0
20170117145927468,33.714657,24,0,0
20170111195703017,62.00071,66,0,1
20170117163447723,56.497173,36,0,1
20170110181556802,78.2423,85,1,0
20170113185402879,67.58878,62,0,0
20170116165713429,31.336878,36,1,1
20170110143421537,56.574867,63,1,0
20170104194530608,35.58542,27,0,0
20170110160643251,53.52531,53,1,0
20170113003536772,32.364178,35,1,1
20170117203429672,73.50145,35,1,4
20170113005402981,22.045803,35,1,1
20170113001028985,43.964203,38,1,1
20170110160643813,55.383263,62,1,0
20170119172106986,23.880512,25,1,3
20170117180951076,32.705215,29,0,0
20170111205328800,68.50529,60,0,0
20170116222857892,39.872734,24,1,0
20170104021653885,30.739391,27,1,0
20170113181524871,37.864113,42,0,1
20170117192237235,72.95831,67,0,0
20170117152056883,38.493095,36,1,0
20170104194548120,28.688482,28,0,3
20170117000751907,41.176266,43,0,3
20170117180842036,43.69686,29,0,0
20170120230233019,66.241264,73,0,0
20170120230445570,94.200325,89,1,0
20170111221831653,80.06763,78,0,0
20170112211222837,28.374926,29,1,1
20170117155520701,55.27665,55,0,0
20170116190012513,41.62613,32,1,2
20170113161444292,39.694435,37,0,1
20170110153303997,72.2467,71,1,0
20170104000753052,42.8824,35,0,4
20170115235922203,29.650547,35,1,1
20170113003543637,34.317173,24,1,1
20170104023306558,73.1577,67,0,0
20170104021303821,24.69517,22,1,2
20170117142115098,24.152176,21,0,0
20170109151103678,90.69829,80,1,3
20170104020801388,26.616995,20,1,0
20170109004257626,39.309982,37,0,0
20170113210319811,95.59224,77,0,0
20170117180903787,23.2806,29,0,4
20170119211646161,60.884083,58,0,3
20170117194601885,74.30014,61,0,1
20170119165947103,23.573341,24,0,3
20170117203249167,38.075222,35,0,4
20170117194028702,71.24853,58,1,1
20170117145451366,32.920948,35,0,3
20170117171504577,60.71993,47,0,1
20170120230530059,93.70969,81,1,0
20170119193244666,51.96387,37,0,3
20170117142716618,23.957993,28,1,2
20170103182614674,46.278725,32,1,0
20170111195809170,49.80152,52,0,0
20170111210622013,53.432796,72,0,0
20170117204838537,74.11415,67,0,0
20170117172149820,52.717304,46,0,0
20170113133336209,26.760637,22,0,1
20170105183505385,30.671217,21,1,2
20170104021056028,24.785381,21,1,2
20170117154145796,67.2968,50,0,2
20170111194856535,52.39897,56,0,0
20170117204213768,70.539024,55,0,0
20170109002946255,48.4651,35,0,1
20170110140730634,72.2467,67,1,0
20170117204033496,62.82337,50,1,4
20170119194510875,32.87735,28,0,3
20170104023159589,53.56022,55,0,2
20170117173004744,71.69772,65,1,0
20170111210401778,58.98144,58,0,0
20170104021101637,32.421177,27,1,2
20170114033134437,30.53894,22,0,1
20170111210110290,84.52355,82,0,2
20170117192206514,76.09543,61,1,0
20170117200730006,24.629679,30,0,4
20170111201526040,72.0966,50,0,0
20170117143142516,38.78401,35,0,1
20170117141726361,29.88458,25,1,0
20170117180236154,39.963203,28,0,0
20170117192218987,77.17206,75,0,0
20170117150509746,33.17299,24,1,3
20170117175021585,63.67838,52,0,1
20170119194805417,34.938496,28,0,3
20170111205753656,70.38231,66,0,2
20170117140056058,27.37221,20,0,0
20170117180430030,31.181015,28,0,0
20170112234058559,34.81867,27,1,1
20170109221012363,72.90938,48,1,1
20170117142017783,38.115498,40,0,0
20170110181946121,82.270584,85,1,0
20170117161015463,71.83717,52,0,0
20170104021111388,21.846882,22,0,2
20170117103819519,42.30911,29,0,1
20170103181940954,48.38357,26,1,0
20170116165412041,33.075726,32,0,2
20170113210319759,69.283295,63,0,0
20170117181754620,36.7264,45,0,0
20170110183416570,68.88249,72,1,0
20170117172159893,51.499676,48,0,1
20170109142436892,68.636765,49,1,3
20170110160643938,57.712143,65,1,0
20170104194522552,54.39371,45,0,4
20170110131714147,63.92271,65,1,0
20170104204616830,40.906456,43,0,0
20170120230411820,86.49578,73,1,0
20170117171447454,47.164585,47,0,0
20170112215010390,39.08359,35,0,2
20170117172505751,60.65654,54,0,1
20170114025954319,19.66552,25,0,0
20170119195950692,37.788006,31,0,3
20170117154814549,57.306004,52,0,0
20170117135238541,49.910652,40,0,0
20170117201612869,30.095465,26,1,4
20170110180156105,64.570755,63,1,4
20170117191924885,52.18248,58,0,0
20170104212243804,60.79615,52,0,0
20170104202009825,31.297039,38,0,4
20170117162539709,40.271492,31,1,1
20170117201638206,22.602718,26,1,0
20170117182914790,58.343502,45,0,1
20170113174123835,55.16612,61,0,1
20170113181514861,33.11996,46,0,0
20170117160559335,51.24546,49,0,0
20170110140645753,64.22476,60,1,0
20170117185306458,56.235863,40,0,0
20170110160643845,51.194466,63,1,0
20170104021958662,33.52637,25,1,2
20170110131945504,69.93866,78,1,0
20170112235100153,29.336159,25,1,1
20170111205902585,68.92087,62,0,0
20170105164834828,38.985703,28,0,0
20170117134826702,57.332058,32,1,0
20170110140346806,69.38128,77,1,0
20170117154315346,47.625313,36,0,1
20170120225946337,86.040985,84,1,0
20170116220936851,21.401419,22,1,0
20170110122217473,71.545395,80,1,0
20170104023022750,57.371887,39,0,2
20170111200007714,64.77774,51,0,0
20170117191735066,82.14492,65,0,3
20170117185755243,40.81549,42,0,0
20170116203950507,46.455616,35,1,0
20170111200107131,75.948715,75,0,1
20170104202510657,51.759583,39,0,2
20170104201949978,36.129753,39,0,0
20170109221050190,57.46264,49,1,0
20170109132457432,30.321909,28,1,1
20170104210021804,57.128254,44,0,0
20170117183310510,57.16702,36,0,3
20170117143112391,47.457546,35,0,1
20170103180757928,38.242817,25,0,1
20170117155916072,54.770576,70,1,0
20170117143625216,32.101376,30,1,4
20170104213544876,79.94596,65,0,0
20170117131108776,37.173717,30,1,0
20170110141021529,56.62082,62,1,0
20170117154252436,62.826065,45,0,0
20170117201904253,32.123455,26,1,0
20170117152238029,36.601032,35,0,0
20170111195423102,64.56821,50,0,0
20170117195420803,95.26519,100,1,0
20170105172858549,46.46627,44,0,0
20170120220126473,36.393856,40,0,0
20170117203118672,38.01634,32,1,0
20170110183821487,69.32023,72,1,0
20170104181453181,47.295483,42,0,2
20170110141348912,66.08298,65,1,0
20170110160643438,54.028603,55,1,0
20170110143242639,33.78109,46,1,0
20170117175217462,79.83976,75,0,0
20170111210848588,79.69974,78,0,0
20170104201051081,58.03469,44,0,0
20170110182452888,77.387436,89,1,0
20170117190513467,51.076355,49,0,0
20170104174512284,41.031815,36,0,0
20170105173005714,49.12105,42,0,0
20170110160643376,48.34326,55,1,0
20170117141346326,46.312893,34,0,1
20170112224003785,71.20009,75,0,3
20170104202430130,44.58999,38,1,0
20170119172151113,32.574444,25,1,3
20170104202227882,59.159546,32,1,2
20170117173258493,74.64953,54,0,1
20170117173717615,68.34265,54,0,1
20170119165307574,36.307644,34,1,3
20170112215350320,44.85533,42,0,2
20170116231528550,38.615314,34,1,1
20170117172611801,66.58967,62,0,0
20170117192020506,63.421097,57,0,0
20170117022211139,33.143566,28,1,1
20170117195405372,95.59224,99,1,2
20170117183053534,57.391468,35,1,1
20170110182826116,59.999424,65,1,0
20170111210358051,75.87499,66,0,0
20170117193505639,34.473167,20,0,4
20170117150025331,26.477715,24,0,3
20170117155018994,61.62929,63,0,1
20170117191348426,57.65434,54,0,1
20170103182336026,41.333656,29,0,0
20170111210435708,80.63085,90,0,2
20170117171459531,64.384384,80,0,0
20170117170519707,36.84737,35,0,0
20170117172625586,55.455566,65,0,0
20170117203136983,41.906208,32,1,0
20170111210757200,91.53673,86,0,0
20170113133259775,27.178555,26,0,1
20170110183401767,86.8617,90,1,0
20170104205607908,48.270893,38,0,0
20170104212319100,60.406544,52,0,0
20170110140935777,67.9204,76,1,0
20170117203951023,52.864304,50,1,0
20170112211816014,28.549465,28,0,1
20170104205931291,47.222454,40,0,0
20170103182600698,41.210087,32,1,0
20170117190028027,58.507893,55,0,0
20170117170529962,38.218655,40,0,1
20170105173508749,75.981415,54,1,0
20170110140413980,68.03942,66,1,0
20170103212744381,24.088144,23,1,4
20170117174438038,74.785,85,0,0
20170117202653255,33.78004,29,0,1
20170104022944286,47.146923,25,1,0
20170104201841050,29.078142,30,0,0
20170103235201420,38.440514,29,0,4
20170117181243676,41.920307,30,0,1
20170117171233580,45.346283,54,0,0
20170111170153874,67.48753,63,0,1
20170117175613066,37.42267,27,0,0
20170109220751701,53.468987,53,1,0
20170113185112295,65.18243,60,1,1
20170111205932368,71.07806,75,0,0
20170104214540068,36.41203,29,1,3
20170116190045902,49.27497,35,0,2
20170116211825926,32.591507,27,1,4
20170119194818178,38.356422,28,0,3
20170120224932730,77.49279,74,1,0
20170113012552201,45.665573,48,1,1
20170117163407198,63.182045,48,0,4
20170117173750790,26.517887,26,1,3
20170110183410318,90.7888,85,1,0
20170110140940217,66.42338,69,1,0
20170116210444779,38.225513,43,0,1
20170116220842573,24.85386,26,1,0
20170104184302965,62.066628,56,0,0
20170114034635292,31.709713,29,0,1
20170117174838232,40.058594,32,1,0
20170117203934434,50.363407,42,1,4
20161220221943042,65.61972,70,0,3
20170113000855147,36.497623,27,1,1
20170110154320128,59.022953,53,1,0
20170117204018328,50.309288,43,0,0
20170103182644010,39.290657,34,1,0
20170111203523343,69.76706,61,0,0
20170117150810173,41.045948,35,1,0
20170120230251394,90.73524,85,1,0
20170111201153097,68.59696,70,0,0
20170111210806003,71.48758,76,0,0
20170116165649025,24.72583,28,1,2
20170104015902116,20.492796,23,1,2
20170117120910383,32.701824,32,0,0
20170119205530376,55.043076,50,0,3
20170119163332758,30.511072,22,1,3
20170114032203540,54.2007,21,1,1
20170111195709447,58.506027,52,0,0
20170110160644117,80.42603,77,1,0
20170117193916436,24.589321,22,0,0
20170109220523042,46.43303,47,1,0
20170111222231920,59.021645,68,0,0
20170104020617357,29.729908,27,1,2
20170104204327523,58.625813,34,1,2
20170103182259857,48.586533,25,1,1
20170104212325060,48.278492,52,0,4
20170104020053452,23.897896,23,1,2
20170104202635938,43.437252,39,0,0
20170120224629472,62.961674,58,0,0
20170111205913082,60.527355,58,0,0
20170117191908449,64.53718,56,0,3
20170109221102358,59.8199,49,1,0
20170120230506347,74.98484,78,0,0
20170111201929576,55.896355,52,0,4
20170111222237144,70.29871,61,0,0
20170117140152744,47.39402,36,0,0
20170110160643344,59.798035,54,1,0
20170117160751777,48.731625,51,0,0
20170117154205339,56.028137,45,0,3
20170117172347609,71.588745,68,0,0
20170117175615777,38.947987,27,0,0
20170104212617845,54.913544,54,0,0
20170117201629485,29.98763,26,1,0
20170110160643907,71.19283,65,1,0
20170103182716210,60.14622,60,0,0
20170111171747645,70.80919,66,0,1
20170120225803298,80.56254,79,1,0
20170120220454138,28.733501,35,0,0
20170117163255045,41.76847,36,0,1
20170102233239947,26.257925,20,0,4
20170109214125992,37.763504,20,1,0
20170117144510833,22.815939,26,0,0
20170110182818569,76.00415,75,1,2
20170105173625820,64.163345,70,0,0
20170104021019292,26.370892,24,1,0
20170110154306423,42.70687,46,1,0
20170104023330606,35.10956,29,1,0
20170111210855670,65.85442,75,0,0
20170110160643595,56.74877,57,1,0
20170109142030313,57.322575,59,1,3
20170110154135560,60.315548,58,1,0
20170110140410594,60.43464,54,1,0
20170104202328306,42.32098,39,0,0
20170110160643954,64.86635,65,1,0
20170110141842534,53.51368,63,1,0
20170110151406182,67.559074,79,1,0
20170105174732894,84.76114,62,1,2
20170104022020333,42.388424,32,0,2
20170104202252010,43.604797,32,0,2
20170103182837146,49.767735,37,1,0
20170110183835271,64.16081,68,1,0
20170103201800511,30.69997,21,1,2
20170111210843429,74.17257,58,0,1
20170103182159657,38.436527,27,1,0
20170110183021416,86.56531,85,1,2
20170110124233302,44.933434,56,1,0
20170109212842300,24.452707,20,1,0
20170105173550604,70.98382,58,0,0
20170104021412148,31.551886,25,1,2
20170103163108007,34.44068,22,1,0
20170111222354407,77.317345,82,0,0
20170111203557764,72.97714,65,0,0
20170104213129446,59.45375,54,0,0
20170111205512345,78.07696,85,0,0
20170103181745425,51.801884,29,1,0
20170110183752111,83.599815,85,1,0
20170104204310315,40.64933,31,0,0
20170111201403999,55.58603,58,0,0
20170105002448621,24.432964,20,1,1
20170110183029618,66.44081,72,1,0
20170110154553925,76.79131,80,1,0
20170110183455199,90.7014,85,1,0
20170111210414353,88.56215,85,0,0
20170111210246547,83.3776,90,0,1
20170104202110730,30.054087,29,0,0
20170111195752794,55.111652,54,0,0
20170109214739809,30.466785,24,1,0
20170103212931444,35.367172,24,1,2
20170110160643798,54.01398,62,1,0
20170105001239982,52.456375,36,1,4
20170111200809203,44.82275,45,0,1
20170104020939196,24.681145,28,1,2
20170111201520536,62.327423,60,0,0
20170105183913087,39.22808,29,1,1
20170110183704246,88.3049,88,1,0
20170111205232856,76.2745,75,0,0
20170104000115245,40.81231,30,0,4
20170104230628769,26.552464,28,0,3
20170104210348196,54.686077,51,0,4
20170104000800885,49.102417,39,0,4
20170109141959953,54.75607,42,1,0
20170111210530412,69.62266,62,0,0
20170111203855367,68.75807,75,0,0
20170110122932443,43.48401,60,1,0
20170110122949483,73.03429,70,1,0
20170104202149570,33.753147,30,0,0
20170110182526540,91.92512,96,1,2
20170110153339650,57.62411,56,1,1
20170110131843433,73.42996,67,1,0
20170111181750520,72.78087,80,0,1
20170110140430277,67.21226,66,1,0
20170109141047511,34.50117,30,1,3
20170110160643313,52.532078,53,1,0
20170111223400971,74.33353,73,0,0
20170111201937537,67.519295,71,0,0
20170110133937781,66.41471,65,1,0
20170110123106118,27.12722,52,1,0
20170110160643860,65.148026,63,1,0
20170110182358244,82.99739,85,1,0
20170111210753614,82.330345,90,0,0
20170110160644142,77.60268,83,1,0
20170110183621661,84.41933,85,1,0
20161220222350986,23.65809,22,1,3
20170104020739364,26.086039,20,1,2
20170111211426693,71.66735,73,0,0
20170102233329675,26.965435,24,0,0
20170110183718790,87.925835,89,1,3
20170103163136424,33.43124,29,1,0
20170104204313908,40.437107,32,0,0
20170109212658510,34.726826,27,1,1
20170110141612400,56.275936,60,1,0
20170110232156775,29.671524,20,0,0
20170104210240958,42.09452,43,0,0
20170104201443273,46.063034,34,1,2
20161220221926818,38.43857,65,0,3
20170104213550381,74.61076,63,0,4
20170104212619757,60.235325,54,0,0
20170111211628015,80.22284,80,0,0
20170104201127146,37.980347,29,0,0
20170104201846426,26.094322,28,0,4
20170110143343917,45.72881,50,1,0
20170110140603775,75.32411,80,1,0
20170110160643172,55.198895,51,1,0
20170110160643266,54.8619,53,1,0
20170110154550300,61.225178,65,1,0
20170104201459001,30.09953,30,0,0
20170104212933919,69.24145,59,0,0
20170111200430322,60.366837,56,0,0
20170110232206562,22.855764,22,0,0
20170111201220613,58.31352,48,0,0
20170104022129599,37.8461,30,0,2
20170111211219557,63.35047,56,0,0
20170111210208339,68.62881,75,0,0
20170110184033219,70.55119,75,1,0
20170111200942998,64.5226,69,0,0
20170103183459755,57.85505,39,1,0
20170111170148435,53.714798,45,0,1
20170110160643579,59.02784,57,1,0
20170104021418549,26.019484,27,1,2
20170110141531648,63.01602,72,1,0
20170110153242401,68.56312,72,1,0
20170111205407457,68.38589,90,0,1
20170111205335191,72.79302,70,0,0
20170109141058153,37.136005,30,1,3
20170111205416943,89.5944,80,0,1
20170111210457043,83.881355,85,0,0
20170104235433201,26.752686,26,1,1
20170110124244590,24.90108,42,1,0
20170111195801050,60.8958,55,0,0
20170104194358449,41.976612,26,0,0
20170110125249128,46.92519,48,1,0
20170110133917734,64.88122,62,1,0
20170104231709097,24.822706,22,1,3
20170109003515954,40.988167,28,1,0
20170110140829202,61.531742,60,1,0
20170109150725032,75.11065,67,0,0
20170105172344157,51.757362,39,0,0
20170104020149844,22.330103,26,1,2
20170105173244278,59.35961,60,0,0
20170104020102786,23.727158,24,0,2
20170105183547063,41.31934,25,1,0
20170103175447799,38.371624,20,1,0
20170109010103671,34.471275,41,1,0
20170110183057797,71.396774,85,1,0
20170104000728781,44.13425,34,0,4
20170110154316664,70.35864,69,1,0
20170109213232182,23.994654,25,1,0
20170105003415085,42.314667,38,1,3
20170104020830476,34.99845,21,0,0
20170104210317787,55.107845,59,0,0
20170109003009492,35.087112,28,1,4
20170104023111549,37.087963,31,1,2
20170105164126307,55.452843,41,0,2
20170110180054361,76.05347,67,1,0
20170104021218340,29.460238,28,0,2
20170110140711170,72.754974,66,1,0
20170110132135290,70.87035,66,1,0
20170110132126931,72.754974,66,1,0
20161221193256437,48.341843,31,1,4
20170111210220723,77.4022,90,0,0
20170110141425361,71.44328,60,1,0
20170104020048292,25.41497,21,1,2
20170111181750495,41.79845,51,0,0
20170104191720503,32.918823,35,0,2
20170109003033356,43.242912,31,0,0
20170110140355514,56.62082,69,1,0
20170109142236643,57.535183,58,0,3
20170104230516489,27.181831,25,0,3
20170104205743292,43.901978,46,0,0
20170110141527783,68.086685,69,1,0
20170110122210413,55.71574,66,1,0
20170111211348840,74.35541,85,0,0
20170111222149759,94.03762,90,0,0
20170110141720224,62.145023,71,1,0
20170104005530664,26.896101,24,1,4
20170104000720352,42.1207,32,1,4
20170104021334149,26.252522,20,1,0
20170110183749939,85.42986,85,1,0
20170104021952837,27.141817,21,1,2
20170104202246139,43.671913,40,0,4
20170110160643563,50.659805,56,1,0
20170109012109036,43.018784,48,0,0
20170104021748445,30.989698,29,1,2
20170103234915411,29.408731,23,0,4
20170104021837189,28.79273,24,1,2
20170104020811717,41.945953,31,1,2
20170110182132120,93.36509,88,1,0
20170111202045698,35.620712,54,0,3
20170110141043329,67.68196,56,1,0
20170105180648062,65.81514,72,0,3
20170104020235605,30.853828,21,1,2
20170104020712460,32.498875,23,1,0
20170104211950852,51.145542,48,0,4
20170111193847133,61.657486,65,0,0
20170110141155497,74.69845,69,1,0
20170103234817732,37.976948,26,1,0
20170110223418177,26.96661,22,0,1
20170111205621738,69.727646,80,0,1
20170111203910911,43.441353,50,0,0
20170110161321170,82.885475,96,1,0
20170103223615095,24.918129,23,1,4
20170103163347255,44.701565,32,1,0
20170111210835093,79.44433,75,0,0
20170110143406927,70.34614,68,1,0
20170111205551658,46.57619,80,0,1
20170110155128293,83.85906,80,1,0
20170111222450939,85.65501,81,0,0
20170102233359482,33.16832,26,0,0
20170110184001159,75.088036,85,1,0
20170104185553854,65.26623,60,0,0
20170103182848826,47.50464,36,1,0
20170111205137423,65.13167,55,0,0
20170111195923226,71.539925,68,0,1
20170102233549947,40.68104,27,0,0
20170110143325963,56.289207,53,1,0
20170104015931173,26.446571,24,1,0
20170111210403969,84.85562,90,0,0
20170105164841588,44.854332,35,0,0
20170105172557165,37.58543,36,0,0
20170105162546659,46.234135,37,1,2
20170110160643329,48.639977,53,1,0
20170109213251114,26.30988,24,1,2
20170109221021608,69.54515,63,1,0
20170104201228553,27.881363,26,0,0
20170110160643735,60.91796,61,1,0
20170111201922080,61.12694,65,0,0
20170104204728132,56.08137,39,0,2
20170109012151633,53.67662,56,0,0
20170104204933500,52.088802,40,0,0
20170110161313778,85.654396,95,1,0
20170110140754434,66.8641,72,1,0
20170104021513981,31.678232,26,1,2
20170104202556995,38.761745,35,0,0
20170110141854535,70.31145,69,1,0
20170111211402785,90.481544,90,0,0
20170111210525525,75.65367,75,0,0
20170110151345930,54.629734,60,1,0
20170110143551965,83.86878,76,1,2
20170111210054315,75.83684,72,0,0
20170111195813450,57.50769,52,0,0
20170105001507628,71.44261,73,0,0
20170111203916648,69.81036,75,0,0
20170111195430569,67.2238,65,0,0
20170110123134893,67.78604,70,1,0
20170104020528324,38.963184,24,1,2
20170110141610416,56.683792,60,1,0
20170110140917161,70.30332,65,1,0
20170111210901892,76.594444,82,0,0
20170111210712990,83.65264,72,0,1
20170110140721731,63.67433,53,1,0
20170104165204728,52.500652,45,0,0
20170109213154546,25.921015,20,1,2
20170104194407752,39.061184,38,0,2
20170105173102837,63.58371,49,1,0
20170104205507484,40.132927,49,0,4
20170104021538021,24.673588,23,1,0
20170110160643704,60.4612,60,1,0
20170110141232209,60.538536,56,1,0
20170104201518561,38.27892,35,0,2
20170104212453853,76.868904,53,1,0
20170117171624633,43.886658,42,0,0
20170117204042912,48.712284,45,0,0
20170117104547721,38.33418,29,0,1
20170113173824723,53.770325,37,0,1
20170104212808228,62.81705,57,0,0
20170113012531920,58.880344,65,1,1
20170117020805001,43.3784,28,0,2
20170117160804231,58.94847,51,0,1
20170117172244563,57.10628,56,0,1
20170117181702370,67.180664,50,0,1
20170117175457824,58.913757,55,0,3
20170117163534458,54.505108,60,0,1
20170117171914259,31.494047,30,0,0
20170116172213528,23.53581,28,0,2
20170117130038591,31.556282,29,0,2
20170117165745495,68.998085,39,0,1
20170117154429963,47.993637,39,0,2
20170116213608958,43.524227,40,0,0
20170117141839865,27.885162,21,0,4
20170117140609238,44.578606,32,0,1
20170112234631399,34.588257,34,1,1
20170117175425208,37.157715,27,0,3
20170117154831559,50.691803,52,0,0
20170117192208082,57.58468,62,0,0
20170117170757093,47.80095,35,0,0
20170117183255158,40.083305,55,0,3
20170117134722884,34.521847,32,0,1
20170112234436144,33.070152,30,1,1
20170114033029580,34.191216,29,0,4
20170117203423144,50.584732,35,1,4
20170117185309809,46.740635,40,0,0
20170117203455375,34.531845,36,0,0
20170113155022867,28.549465,26,0,1
20170117180646529,22.359455,28,1,3
20170116204131804,36.235115,35,0,0
20170117194956074,80.36622,73,0,1
20170112233524752,26.13304,27,1,1
20170117121917805,53.405125,28,1,1
20170117180355439,39.891052,49,0,1
20170117202825454,39.5407,30,0,1
20170116232600318,46.513275,55,1,1
20170116153903211,81.86156,80,1,1
20170117150420803,29.929,30,1,0
20170117180729137,36.253796,29,0,0
20170117181844189,43.28679,36,0,0
20170117154747738,42.28417,42,0,0
20170117141435706,50.475197,34,0,1
20170117190253859,46.1672,55,0,0
20170117143952249,24.997786,25,1,0
20170117173446675,59.50313,49,0,1
20170117140121123,64.06544,37,1,1
20170117194929098,76.24348,69,0,1
20170117150100146,36.990543,40,0,0
20170117194130117,31.332705,23,0,4
20170117193132038,77.26299,58,0,1
20170117134733341,43.7566,32,1,2
20170117135029687,60.192745,41,1,1
20170117202746975,34.65605,29,1,0
20170117021834297,39.916878,38,0,4
20170117192212370,65.59807,63,0,0
20170117175429276,83.35029,90,0,0
20170117135339136,42.671265,50,0,0
20170117182621262,40.554935,34,0,0
20170117160807782,59.752483,51,0,0
20170117171708077,33.74411,26,0,0
20170117181933252,34.48432,31,0,1
20170117135625808,43.91755,55,0,0
20170117170126359,50.494015,40,0,1
20170117180535344,36.228294,28,0,0
20170116163755263,23.431328,27,1,2
20170117191805986,59.10022,58,0,0
20170117204014422,48.386497,43,0,4
20170117202750455,47.68031,29,1,4
20170117202434527,37.279438,28,0,0
20170117174833509,73.77226,75,0,0
20170117135030209,48.83692,40,0,0
20170112224655914,85.03081,85,0,2
20170117152000516,29.906689,25,1,3
20170117182850349,49.194443,40,0,0
20170117175110498,72.54474,43,0,1
20170117171009947,39.842,40,0,0
20170117180039028,44.641273,34,1,0
20170117193547491,35.10739,20,1,0
20170117204035832,57.463757,44,0,4
20170117010039479,37.936676,35,0,1
20170117171628313,61.042976,42,0,1
20170117202634086,31.057684,29,0,4
20170113175514412,66.27168,70,0,1
20170117130930922,45.97362,30,0,3
20170117192049580,69.83587,61,0,0
20170113133833362,33.854485,23,0,1
20170117160743553,72.07352,50,1,0
20170117140805766,37.362125,30,0,0
20170112223914372,73.37964,63,0,2
20170117195129091,79.21894,66,0,3
20170113001403081,39.368713,38,1,1
20170112231430536,28.84503,36,1,1
20170113134128353,30.374067,25,0,1
20170117163505625,40.061245,38,0,0
20170112234612457,38.003136,24,1,1
20170117173924359,73.85851,48,1,0
20170117134920188,44.395947,31,0,1
20170117122032979,41.42178,35,0,2
20170117204710599,73.231285,58,0,0
20170117141803697,23.763695,25,1,0
20170117163205356,45.584927,36,0,1
20170116204830651,26.682758,26,0,1
20170117195116702,73.89935,66,0,1
20170117123740914,35.927845,30,0,0
20170117171011004,50.747677,41,0,1
20170117141453339,30.52373,39,0,0
20170117182752390,49.317738,34,1,0
20170117172950046,42.118008,32,0,1
20170117143710577,27.773657,22,1,4
20170117145027850,44.650616,50,1,1
20170117140011191,46.77688,37,0,0
20170113134041024,38.832333,28,0,1
20170117021349237,41.95025,32,0,0
20170117143224571,28.55357,22,0,0
20170117202914440,40.455185,30,0,4
20170115235954650,25.48778,24,1,1
20170112205151018,29.31271,25,1,1
20170117182416733,36.67113,32,0,0
20170117140625076,38.214806,41,0,0
20170117160042904,67.88621,60,0,1
20170117190811698,53.349476,55,0,0
20170117134737646,54.57731,32,1,0
20170113012041287,40.41365,42,1,1
20170117202219111,30.832457,27,0,4
20170116184232333,25.436037,26,1,2
20170117143240036,21.953117,22,0,0
20170116162413262,33.987255,26,1,1
20170117134856428,37.123287,34,0,0
20170117173632929,71.4073,70,0,0
20170117170640870,58.94529,40,0,1
20170112215212041,39.715042,34,0,1
20170117135655702,47.765434,50,0,1
20170117143206386,28.049479,22,1,0
20170117134828796,38.898148,33,0,0
20170113182842126,47.683277,42,1,1
20170117204008359,47.040546,40,0,4
20170117141704960,74.716064,57,0,1
20170112224730972,94.05129,79,0,2
20170117135536116,25.134453,31,0,1
20170117154507105,45.65665,40,0,0
20170117170711073,46.413147,40,0,0
20170117203519312,43.108856,36,1,4
20170117173736387,55.243446,45,0,1
20170117180514216,33.968826,28,0,0
20170117175724098,36.36301,35,0,0
20170113001316202,38.51664,40,1,1
20170117191944060,52.96115,58,0,0
20170117165517973,72.824875,43,0,1
20170117162852563,48.874874,60,0,0
20170116222717126,46.523643,35,1,1
20170117185943219,79.325584,78,0,1
20170113183208366,40.36132,29,0,1
20170117195020915,70.173775,63,0,0
20170117142001073,34.19798,21,0,1
20170117154320368,43.24802,36,0,3
20170117173628559,65.40156,80,0,0
20170117181555388,37.868565,31,0,3
20170117195023639,68.951546,58,0,0
20170117141457492,55.787216,34,0,1
20170117171618235,69.11632,26,0,1
20170117160754830,49.630424,51,0,0
20170114032055563,29.033125,25,0,1
20170116205219294,31.09184,29,0,0
20170113005725568,45.871746,45,1,1
20170117144310409,27.973442,30,0,3
20170117185939842,54.437595,43,1,0
20170112224053755,71.62278,58,1,1
20170117180839466,37.337738,29,0,0
20170117013958462,47.304565,27,1,1
20170117150804179,41.15036,30,1,0
20170114033434587,45.15175,30,0,1
20170117160407279,45.080166,47,1,0
20170117185648744,39.07878,55,0,0
20170117180914972,29.420565,29,0,4
20170117173234032,65.45151,80,0,0
20170117144947570,23.909044,23,1,0
20170117133829948,42.629673,40,0,0
20170117182857325,58.103287,50,0,0
20170117194137453,32.679165,23,1,1
20170117180008549,51.268055,35,1,0
20170117163545690,69.664955,65,1,1
20170117175209600,41.412052,25,0,0
20170112231744071,27.679539,20,1,1
20170117152317187,35.958977,26,0,4
20170117191631748,67.10129,56,0,0
20170113155255651,33.940727,35,0,1
20170117143158631,43.809963,35,0,1
20170117171455802,58.552288,54,0,0
20170117182204430,47.265842,45,0,0
20170116181243263,56.63022,40,0,2
20170117104606138,61.27478,29,0,1
20170117203008151,26.621674,30,1,4
20170113182616942,51.165485,48,0,1
20170117193454180,27.131575,20,0,4
20170113184508496,56.59018,25,0,1
20170117142612442,29.250639,21,1,0
20170117120414669,38.810635,29,0,0
20170117193912061,29.69715,22,0,4
20170113151532863,45.45962,41,0,1
20170117164133805,61.988976,56,0,0
20170117134837758,21.547747,25,1,0
20170116003454596,47.77043,40,1,1
20170117194745325,33.40329,24,1,4
20170117185713024,65.44494,55,0,0
20170117142003663,51.73366,44,0,1
20170116191212709,41.758713,29,1,2
20170117120013930,36.05848,35,0,0
20170117161013430,57.493107,52,0,0
20170117195353786,83.27522,73,0,1
20170117142941700,46.805847,38,1,1
20170117163226874,52.042217,49,0,0
20170117185742546,57.250782,45,0,0
20170117204025030,66.68293,43,1,4
20170117203246215,48.25509,55,0,4
20170117135949737,36.375557,35,0,1
20170117203419569,34.57504,35,1,4
20170117185015353,61.599194,55,0,0
20170117190131875,52.71279,55,0,0
20170117203051199,34.970413,31,1,4
20170113174636459,60.733208,61,0,1
20170117202706981,42.954025,29,0,1
20170117183226150,48.365654,45,0,0
20170117190015938,61.680984,44,1,0
20170116220953152,23.597273,23,0,0
20170117182945085,36.760754,35,0,0
20170112224352147,88.83132,80,0,2
20170117151314107,33.260994,30,0,0
20170117175354308,70.98135,63,1,0
20170117193445813,33.13485,25,1,4
20170112224733518,86.80251,77,0,2
20170117142033818,35.330967,30,0,2
20170117135704010,27.095516,31,1,1
20170117142023338,23.845778,25,0,0
20170117202457142,37.010414,28,0,4
20170117180708809,43.860733,28,1,0
20170117135511623,45.088043,31,0,1
20170117190933140,54.00972,53,0,0
20170113011238888,27.25286,27,1,1
20170117185717337,53.98159,55,0,0
20170117143411179,27.369486,25,0,0
20170117203945447,77.25233,65,1,4
20170117173203012,27.452318,32,0,0
20170117181238996,29.26674,30,0,0
20170117180444192,30.685764,28,0,0
20170112233658982,34.688347,26,1,1
20170112231743279,25.614296,20,1,1
20170117163540466,62.173065,65,0,0
20170113134134481,41.997597,28,0,1
20170112231908781,26.13987,21,1,1
20170117190708466,29.08386,30,0,0
20170114033443186,24.939804,23,1,1
20170117120718633,36.83597,32,0,0
20170117190202819,67.67884,46,1,3
20170117141421609,47.791588,25,1,0
20170117141103735,24.251904,25,1,3
20170117175115575,63.897408,61,1,0
20170117190344073,48.119,47,0,0
20170116224118858,23.293781,26,1,1
20170117183404676,47.05218,45,1,0
20170112233431458,25.973652,21,1,0
20170117134818053,43.76647,32,1,0
20170117154151955,54.552338,60,0,3
20170112224133563,84.434044,86,1,2
20170116184911351,59.01724,37,1,2
20170113012137831,27.681309,40,1,1
20170117151539963,32.396782,30,0,0
20170117174753056,38.674026,40,1,0
20170116223432216,27.01384,26,1,1
20170117131159850,39.1235,38,0,0
20170117185642242,52.730667,55,0,0
20170117163456359,42.573757,36,0,4
20170117180847427,48.614826,35,0,1
20170117143313929,21.594652,25,0,0
20170117144955746,35.532856,30,1,0
20170117195045410,34.161255,25,0,1
20170117142009042,25.16185,21,0,0
20170117202550286,30.958591,28,1,4
20170117120755229,34.886806,36,0,0
20170117202609983,40.067715,28,1,0
20170117185342291,41.787834,41,0,0
20170117165048545,48.71622,55,0,1
20170117182534670,60.842632,35,1,0
20170117194914689,68.6251,63,0,0
20170117175135184,25.377224,26,1,2
20170117152131106,29.636372,35,1,0
